Workbook

Sheet Start Here
A1: Second Responder | Evaluation workbook
A2: 20 starter cases across 12 runbooks. No chatbot answers or scores are pre-filled. Blue text = editable input; gray cells = formulas.
B5: 1 Review the test cases
B6: Open Test Cases. Confirm the expected behavior with the runbook owner before testing. All starter cases are Development; add representative unseen Held-out cases for final assessment.
B8: 2 Run a question in n8n
B9: Use the existing chat workflow. In Responses, use its pre-filled Run ID and Test ID, paste Format Evidence output into Retrieved evidence, and paste the actual LLM answer into Answer.
B11: 3 Record the outcome
B12: Choose Answered, Clarification, Abstained, or Error. Set Response appropriate? by comparing with the expected behavior: useful and sufficient for answerable cases, or a justified clarification/abstention for unsupported cases.
B14: 4 Review every atomic claim
B15: In Claim Review, add one row per factual claim, using the matching Run ID. Separate commands, conditions, thresholds, and escalation rules. Keep an action connected to its prerequisite. Paste the exact supporting excerpt from the evidence actually retrieved for this run.
B17: 5 Complete the verdicts
B18: Faithfulness verdict: Supported, Unsupported, or Contradicted. Citation verdict: Supported, Wrong citation, or Missing citation. A claim can be supported somewhere in context but have a wrong citation. Set Critical error? to Yes for an unsupported command, remediation condition, or escalation threshold. Enter your reviewer name.
B20: 6 Confirm coverage of the answer
B21: In Responses, set Claim inventory complete? to Yes only after checking that every factual claim was listed. Mark this even for a genuine zero-claim clarification. Enter the response reviewer. Incomplete reviews receive no score.
... B44: Evaluation best practices

Sheet Dashboard
A1: Evaluation dashboard | Evidence before confidence
A2: Mean faithfulness uses completely reviewed responses with claims. No answers have been scored yet. Results describe recorded tests, not guaranteed production performance.
A5: Faithfulness target (editable) | B5: 0.9
A7: Scored responses | B7: =COUNT(Responses!$R$6:$R$205) -> 0
A8: Mean faithfulness | B8: =IF(COUNT(Responses!$R$6:$R$205)=0,"Not scored",AVERAGE(Responses!$R$6:$R$205)) -> Not scored
A9: Mean target reached? | B9: =IF(COUNT(Responses!$R$6:$R$205)=0,"Not evaluated",IF(AVERAGE(Responses!$R$6:$R$205)>=B5,"Yes","No")) -> Not evaluated
A10: PASS responses | B10: =COUNTIF(Responses!$S$6:$S$205,"PASS") -> 0
A11: FAIL responses | B11: =COUNTIF(Responses!$S$6:$S$205,"FAIL") -> 0
A12: Citation errors flagged | B12: =SUM(Responses!$M$6:$M$205) -> 0
A13: Critical operational errors flagged | B13: =SUM(Responses!$N$6:$N$205) -> 0
A14: Answered outcomes | B14: =COUNTIF(Responses!$K$6:$K$205,"Answered") -> 0
A15: Clarification / abstention outcomes | B15: =COUNTIF(Responses!$K$6:$K$205,"Clarification")+COUNTIF(Responses!$K$6:$K$205,"Abstained") -> 0
A16: Inappropriate responses flagged | B16: =COUNTIF(Responses!$L$6:$L$205,"No") -> 0
A17: Claims awaiting review | B17: =SUM(Responses!$Q$6:$Q$205) -> 0
A18: Held-out scored responses | B18: =SUMPRODUCT(--(Responses!$C$6:$C$205="Held-out"),--ISNUMBER(Responses!$R$6:$R$205)) -> 0
A19: Held-out mean faithfulness | B19: =IF(B18=0,"Not scored",SUMIF(Responses!$C$6:$C$205,"Held-out",Responses!$R$6:$R$205)/B18) -> Not scored
A20: Answered responses marked appropriate | B20: =COUNTIFS(Responses!$K$6:$K$205,"Answered",Responses!$L$6:$L$205,"Yes",Responses!$B$6:$B$205,"<>") -> 0
A23: A mean of 90% does not make an unsupported command acceptable. Review critical errors separately. Zero observed errors is evidence from these tests, not a guarantee. Examine individual cases and service-level failures; report appropriateness and abstention alongside faithfulness.
A27: All starter tests are Development and no answers are pre-scored. Add unseen Held-out cases. Use unique Run IDs for retests and compare one prompt/model/corpus version at a time. This dashboard aggregates all rows, including repeated runs.

Sheet Test Cases
A1: Test cases | Define expected behavior first
A2: Starter expectations are drawn from local runbook snapshots. All 20 cases are Development. Add unseen cases and label them Held-out before final assessment.
A5: Test ID | B5: Split | C5: Category | D5: Service | E5: Question | F5: Expected outcome | G5: Expected runbooks | H5: Expected key points / source wording | I5: Source URL | J5: Reviewer notes
A6: T001 | B6: Development | C6: Baseline | D6: payments-api | E6: payments-api /charge returns 5xx errors and Stripe requests time out. What should I check, what conditional remediation applies, and when should I escalate? | F6: Answered | G6: RB-001 | H6: **Service:** payments-api | **Owner:** payments team | **Typical severity:** SEV2 (SEV1 if >50% of charges failing) ## Symptoms - Alert: "payments-api 5xx rate above 5% for 5 minutes" - Logs show "502 upstream prematurely closed connection" and "stripe request timeout after 3000ms" - Checkout failures rise in proportion to the error rate ## First checks 1. `kubectl rollout status deploy/payments-api -n prod` and `kubectl get pods -n prod -l app=payments-api` 2. Was there a deploy in the last 30 minutes? Check the deploy feed first. 3. Check status.stripe.com for an active Stripe incident. 4. Look at the orders DB connection pool (see RB-009 if saturated). ## Diagnosis - Errors started within 10 minutes of a deploy: assume bad release until proven otherwise. - Only /charge failing and Stripe status degraded: downstream provider issue, not us. - 503s with "no healthy upstream": connection pool or target pod problem. ## Remediation 1. Bad deploy: `kubectl rollout undo deploy/payments-api -n prod` 2. Stripe degraded: enable queued-charge mode (`payments.queue_mode=true`) so charges retry asynchronously instead of failing at checkout. 3. Pool saturation: follow RB-009. ## Escalation Escalate to the payments on-call lead if the error rate is above 20% or not resolved within 15 minutes. Declare SEV1 if more than 50% of charges are failing. ## After resolution Confirm the error rate stays below 0.5% for 15 minutes before closing the incident. | I6: https://github.com/mahesh-ai-architect/Second-Responder/blob/main/runbooks/RB-001-payments-api-5xx.md | J6: Engineer should verify service relevance, conditions, and required steps. Add RB-009 to expected sources if detailed pool remediation is requested across runbooks.
A7: T002 | B7: Development | C7: Baseline | D7: payments-api | E7: The webhooks-inbound queue is above 10,000 and rising, with delivery failures going to the DLQ. What should I check, how should I recover, and when should I escalate? | F7: Answered | G7: RB-002 | H7: **Service:** payments-api | **Owner:** payments team | **Typical severity:** SEV3 (SEV2 if backlog > 50,000) ## Symptoms - Queue "webhooks-inbound" depth above 10,000 and rising - Consumer lag growing; downstream order and inventory states go stale - Logs show "delivery attempt 8 failed, moving to DLQ" ## First checks 1. `kubectl get pods -n prod -l app=webhook-consumer` - look for CrashLoopBackOff 2. Check whether the same message_id is stuck at the head of the queue (poison message) 3. Check the downstream endpoint's own error rate ## Diagnosis - Consumer crash-looping: usually a bad deploy or a config change. - One message retried forever: poison message blocking the partition. - Downstream endpoint returning 500s: fix the downstream service first, not the consumer. ## Remediation 1. Fix or roll back the consumer deploy. 2. Move the poison message to the DLQ manually, note its message_id in the incident timeline. 3. Scale consumers: `kubectl scale deploy/webhook-consumer -n prod --replicas=6` 4. Replay the DLQ only after the root cause is fixed. Webhook handlers are idempotent on event_id - verify the consumer checks event_id before replaying. ## Escalation SEV2 if the backlog exceeds 50,000 or customer-visible order states are wrong. | I7: https://github.com/mahesh-ai-architect/Second-Responder/blob/main/runbooks/RB-002-payments-api-webhook-backlog.md | J7: Engineer should verify service relevance, conditions, and required steps. Add RB-009 to expected sources if detailed pool remediation is requested across runbooks.
A8: T003 | B8: Development | C8: Baseline | D8: auth-service | E8: SSO login success is below 90%, with SAML signature validation failures. What should I check, what remediation applies, and when should I escalate? | F8: Answered | G8: RB-003 | H8: **Service:** auth-service | **Owner:** identity team | **Typical severity:** SEV1 if all SSO logins fail ## Symptoms - Login success rate below 90% - Errors: "SAML signature validation failed" and "OIDC discovery document fetch failed" ## First checks 1. Fetch the IdP discovery document: `curl https://idp.example.com/.well-known/openid-configuration` 2. Compare the IdP signing certificate fingerprint against the configured metadata. 3. Check node clock drift: `chronyc tracking` - drift above 30 seconds breaks token validation. ## Diagnosis - Most common cause: the IdP rotated its signing certificate and our cached metadata is stale. - Discovery fetch failing: IdP outage or a network/DNS change on our side. - Signature failures plus clock drift: fix NTP before touching metadata. ## Remediation 1. Refresh IdP metadata from the admin console: Identity Providers -> Reload metadata. 2. Clear cached keys: `kubectl rollout restart deploy/auth-service -n prod` 3. If the IdP is down, post the status page notice and wait - do not bypass signature checks. ## Escalation SEV1 if all SSO logins are failing (workforce lockout). Page the identity on-call lead immediately. | I8: https://github.com/mahesh-ai-architect/Second-Responder/blob/main/runbooks/RB-003-auth-service-sso-failures.md | J8: Engineer should verify service relevance, conditions, and required steps. Add RB-009 to expected sources if detailed pool remediation is requested across runbooks.
A9: T004 | B9: Development | C9: Baseline | D9: auth-service | E9: Users are not receiving MFA push prompts and approval latency exceeds 60 seconds. What should I check, what workaround applies, and when should I escalate? | F9: Answered | G9: RB-004 | H9: **Service:** auth-service | **Owner:** identity team | **Typical severity:** SEV3 (SEV2 if >30 minutes) ## Symptoms - Push approval latency above 60 seconds, or failures with "push token revoked" - Users report not receiving MFA prompts ## First checks 1. Check the push vendor status page (APNs/FCM relay provider). 2. Token revocation rate split by platform: iOS vs Android. 3. Confirm TOTP (authenticator app) logins are unaffected. ## Diagnosis - One platform only: platform gateway or vendor-side issue. - Both platforms: our notification service or vendor account throttling. ## Remediation 1. Advise users to fall back to authenticator app (TOTP) codes - use the comms template in the incident channel. 2. If single-platform, open a vendor ticket with sample device tokens and timestamps. 3. Never disable or weaken MFA to "fix" delivery problems. ## Escalation Identity lead plus a vendor P1 ticket if degradation lasts more than 30 minutes or blocks a SEV1/SEV2 response. | I9: https://github.com/mahesh-ai-architect/Second-Responder/blob/main/runbooks/RB-004-auth-service-mfa-push.md | J9: Engineer should verify service relevance, conditions, and required steps. Add RB-009 to expected sources if detailed pool remediation is requested across runbooks.
A10: T005 | B10: Development | C10: Baseline | D10: search | E10: The indexer-nightly job is stalled and logs show mapper_parsing_exception. What should I check, how should I recover, and when should I escalate? | F10: Answered | G10: RB-005 | H10: **Service:** search | **Owner:** platform team | **Typical severity:** SEV3 (SEV2 if customer-facing results stale > 2 hours) ## Symptoms - Nightly job "indexer-nightly" stuck, shard progress frozen - Error "mapper_parsing_exception" in indexer logs, or a data node above 85% disk ## First checks 1. Disk usage per data node; indexing halts at the high watermark. 2. Indexer logs for "mapper_parsing_exception" - a field arrived with a conflicting type. 3. GC pause times on data nodes. ## Diagnosis - Disk above watermark: snapshots or old indices consuming space. - Mapping exception: a producer started sending a field with a new type. - Progress frozen with healthy disk: long GC or a hung shard task. ## Remediation 1. Delete snapshots beyond retention; delete closed indices older than 90 days. 2. Fix the mapping for the offending field, or route that field to a quarantine index. 3. Resume the job from its checkpoint: `indexer-nightly --resume-from-shard` 4. If users also report worse results, check the last search deploy for analyzer changes before blaming the index. ## Escalation Platform on-call lead if customer-facing search results are stale for more than 2 hours. | I10: https://github.com/mahesh-ai-architect/Second-Responder/blob/main/runbooks/RB-005-search-index-rebuild.md | J10: Engineer should verify service relevance, conditions, and required steps. Add RB-009 to expected sources if detailed pool remediation is requested across runbooks.
A11: T006 | B11: Development | C11: Baseline | D11: checkout | E11: Checkout p99 is above 2.5 seconds after a deploy and promo validation dominates traces. What should I check, what remediation applies, and how should I verify recovery? | F11: Answered | G11: RB-006 | H11: **Service:** checkout | **Owner:** growth team | **Typical severity:** SEV2 if conversion impact confirmed ## Symptoms - Checkout p99 latency above 2.5s against a 900ms baseline - APM traces show time concentrated in promo validation or the inventory call ## First checks 1. APM waterfall for a slow trace: which span eats the time? 2. Was "checkout_v2" enabled in the last deploy? 3. Check for N+1 query patterns in cart service database calls. ## Diagnosis - Promo validation called synchronously per cart item: known regression pattern from the v2 flag. - Cache bypass header set by the new frontend build: every request hits origin services. - DB time dominant: hand off to RB-009. ## Remediation 1. Disable the flag: `checkout_v2=false` - instant rollback, no deploy needed. 2. Enable async promo validation: `promo.async_validation=true` 3. Verify p99 below 1.2s for 10 minutes before closing. ## Escalation Growth team lead. SEV2 if analytics confirms a conversion drop. | I11: https://github.com/mahesh-ai-architect/Second-Responder/blob/main/runbooks/RB-006-checkout-latency.md | J11: Engineer should verify service relevance, conditions, and required steps. Add RB-009 to expected sources if detailed pool remediation is requested across runbooks.
A12: T007 | B12: Development | C12: Baseline | D12: notifications | E12: Email queues are backing up and the provider returns 429 provider rate limit exceeded. What should I check, what remediation applies, and when should I escalate? | F12: Answered | G12: RB-007 | H12: **Service:** notifications | **Owner:** platform team | **Typical severity:** SEV3 (SEV2 if OTP/password-reset mail delayed > 15 min) ## Symptoms - Email queue depth rising, send latency above 10 minutes - Provider returns "429 provider rate limit exceeded" ## First checks 1. Split queue depth: transactional vs marketing. A campaign burst sharing the queue is the usual cause. 2. Worker replica count vs the autoscaling cap. 3. Provider rate limit status for our account. ## Diagnosis - Marketing burst: a campaign send flooded the shared queue. - Workers at cap with steady traffic: genuine capacity ceiling. - 429s at low volume: provider-side throttling or account limit change. ## Remediation 1. Prioritize the "notifications-transactional" queue - OTP and password resets go first. 2. Raise worker replicas up to the max of 20. 3. Pause campaign sends: `campaigns.paused=true` 4. Never drop transactional messages to clear a backlog. ## Escalation If password-reset or OTP mail is delayed more than 15 minutes this becomes auth-impacting - raise to SEV2 and cross-reference RB-004. | I12: https://github.com/mahesh-ai-architect/Second-Responder/blob/main/runbooks/RB-007-notifications-queue-backlog.md | J12: Engineer should verify service relevance, conditions, and required steps. Add RB-009 to expected sources if detailed pool remediation is requested across runbooks.
A13: T008 | B13: Development | C13: Baseline | D13: database-primary | E13: Replica lag is above 30 seconds and climbing while a backfill runs. What should I check, what remediation conditions apply, and when should I escalate? | F13: Answered | G13: RB-008 | H13: **Service:** database-primary | **Owner:** platform (DB) team | **Typical severity:** SEV2 (SEV1 if lag > 300s with unhealthy primary) ## Symptoms - Replica lag above 30 seconds and climbing in pg_stat_replication - Read-your-write complaints from application teams ## First checks 1. `SELECT pid, application_name, now() - xact_start AS xact_age FROM pg_stat_activity ORDER BY xact_age DESC;` 2. Identify bulk jobs by application_name - backfills are the usual blocker. 3. Replica disk I/O utilisation. ## Diagnosis - One long transaction on the primary: replica replay is blocked behind it. - Backfill job running during peak: contention, not failure. - Replica disk saturated: replay cannot keep up even with a healthy primary. ## Remediation 1. With incident commander approval, terminate the blocking backfill: `SELECT pg_terminate_backend(<pid>);` 2. Throttle or pause batch jobs until lag drains below 5 seconds. 3. Controlled failover only if the primary is genuinely failing AND lag is under 10 seconds. 4. Never promote a replica with lag above 300 seconds without data-loss sign-off from the DB lead. ## Escalation SEV1 if lag exceeds 300 seconds with an unhealthy primary. Page the DB lead. | I13: https://github.com/mahesh-ai-architect/Second-Responder/blob/main/runbooks/RB-008-database-replication-lag.md | J13: Engineer should verify service relevance, conditions, and required steps. Add RB-009 to expected sources if detailed pool remediation is requested across runbooks.
A14: T009 | B14: Development | C14: Baseline | D14: database-primary | E14: The orders database connection pool is saturated and requests are failing. What should I check first, what remediation should I follow, and when should I escalate? | F14: Answered | G14: RB-009 | H14: **Service:** database-primary | **Owner:** platform (DB) team | **Typical severity:** SEV2 ## Symptoms - Application errors: "FATAL: remaining connection slots are reserved for non-replication superuser connections" - PgBouncer client wait queue growing ## First checks 1. `SELECT application_name, state, count(*) FROM pg_stat_activity GROUP BY 1, 2 ORDER BY 3 DESC;` 2. PgBouncer: `SHOW POOLS;` - look at cl_waiting. 3. Sessions stuck in "idle in transaction" point at a leaking deploy. ## Diagnosis - One application_name dominating with idle-in-transaction sessions: connection leak in a recent deploy. - All apps up evenly: genuine load growth or a batch job. - Pooler queue up but DB sessions low: pool size misconfigured after a deploy. ## Remediation 1. Restart the pooler to clear leaked sessions: `systemctl restart pgbouncer` 2. Roll back the leaking deploy; the leak, not the pool size, is the bug. 3. Temporary pool_size increase of 25% is allowed only if DB CPU is below 60%. ## Escalation DB lead if it recurs twice in 24 hours - that is a leak hunt, treat as SEV2. | I14: https://github.com/mahesh-ai-architect/Second-Responder/blob/main/runbooks/RB-009-database-connection-pool.md | J14: Engineer should verify service relevance, conditions, and required steps. Add RB-009 to expected sources if detailed pool remediation is requested across runbooks.
A15: T010 | B15: Development | C15: Baseline | D15: cdn-edge | E15: CDN cache hit ratio dropped below 70%, origin traffic tripled, and edge 503s appeared after a config push. What should I check and do? | F15: Answered | G15: RB-010 | H15: **Service:** cdn-edge | **Owner:** platform team | **Typical severity:** SEV2 if origin is saturating ## Symptoms - Cache hit ratio below 70% against a 92% baseline - Origin traffic roughly 3x normal; scattered 503s by POP after a config push ## First checks 1. Hit ratio split by POP and by path - global or localized? 2. Was there a CDN config push or a full purge in the last hour? 3. Origin response codes and origin CPU. ## Diagnosis - Cache key changed to include the session cookie: every user becomes a unique cache entry. - Full purge during peak: self-inflicted origin stampede. - One POP only: bad config version on that POP or an origin shield misroute. ## Remediation 1. Roll back the CDN config to the previous known-good version. 2. Enable origin shield and request coalescing to protect the origin. 3. Re-warm the top 500 URLs after rollback. 4. Disable scheduled purges until the root cause is confirmed. ## Escalation SEV2 if the origin is saturating. Protect the origin first, investigate second. | I15: https://github.com/mahesh-ai-architect/Second-Responder/blob/main/runbooks/RB-010-cdn-edge-503.md | J15: Engineer should verify service relevance, conditions, and required steps. Add RB-009 to expected sources if detailed pool remediation is requested across runbooks.
A16: T011 | B16: Development | C16: Baseline | D16: inventory | E16: Stock sync is failing with deadlock detected on sku_locks and oversell alerts are active. What should I check, how should I recover, and who should I notify? | F16: Answered | G16: RB-011 | H16: **Service:** inventory | **Owner:** growth team | **Typical severity:** SEV2 while oversell is active ## Symptoms - Stock sync job failing; oversell alerts on high-velocity SKUs - Errors: "deadlock detected on sku_locks", or the feed file is missing the column "warehouse_id" ## First checks 1. Is more than one sync run executing at once? Overlapping runs deadlock each other. 2. Diff the latest warehouse feed file against the expected schema. 3. Check whether the batch repricing job is running concurrently. ## Diagnosis - Missing "warehouse_id" column: the warehouse changed the feed schema without notice. - Deadlocks with overlapping runs: scheduling collision, not bad data. - Deadlocks with repricing: lock ordering conflict between the two jobs. ## Remediation 1. Stop extra sync runs; rerun a single sync in idempotent reconcile mode: `stock-sync --mode=reconcile` 2. Reconcile counts for affected SKUs from the latest warehouse snapshot. 3. For oversold orders, follow the customer outreach macro - do not hand-edit stock counts outside reconcile mode. ## Escalation SEV2 while oversell is active (customer-facing). Notify growth and support leads. | I16: https://github.com/mahesh-ai-architect/Second-Responder/blob/main/runbooks/RB-011-inventory-stock-sync.md | J16: Engineer should verify service relevance, conditions, and required steps. Add RB-009 to expected sources if detailed pool remediation is requested across runbooks.
... A22: T017 | B22: Development | C22: Conditional | D22: payments-api | E22: payments-api has 503s with no healthy upstream. Does that symptom alone prove pool saturation and require RB-009 remediation? | F22: Answered | G22: RB-001 | H22: No. RB-001 identifies connection pool OR target pod problems for this symptom. Check the pool; following RB-009 for remediation is conditioned on pool saturation. Do not assert a confirmed diagnosis. | I22: https://github.com/mahesh-ai-architect/Second-Responder/blob/main/runbooks/RB-001-payments-api-5xx.md | J22: Reviewer-authored starter expectation. Verify against source snapshots before using as a reference.
A23: T018 | B23: Development | C23: Unsupported | D23: outside corpus | E23: Give me the exact GPU reset command for a video-transcoding service whose workers have stopped. | F23: Clarification or abstention | H23: No video-transcoding runbook is in this corpus. Ask for the relevant runbook or service details; do not invent reset commands. | J23: Reviewer-authored starter expectation. Verify against source snapshots before using as a reference.
A24: T019 | B24: Development | C24: Unsupported | D24: outside corpus | E24: What command should I run to repair a Kafka controller quorum failure? | F24: Clarification or abstention | H24: No Kafka controller repair procedure is in this corpus. State the evidence limitation or ask for the relevant runbook; do not invent commands. | J24: Reviewer-authored starter expectation. Verify against source snapshots before using as a reference.
A25: T020 | B25: Development | C25: Ambiguous | D25: unknown | E25: It is failing. What should I restart? | F25: Clarification or abstention | H25: Ask for the affected service and exact alert or symptoms. Do not recommend an arbitrary restart. | J25: Reviewer-authored starter expectation. Verify against source snapshots before using as a reference.

Sheet Responses
A1: Responses | Paste actual n8n evidence and answer
A2: 20 Run IDs and Test IDs are prepared. No scores are fabricated. Fill the answer, evidence, outcome, appropriateness, reviewer, and claim inventory confirmation; grade atomic claims in Claim Review.
A5: Run ID | B5: Test ID | C5: Split | D5: Question | E5: Run timestamp | F5: Model | G5: Prompt / workflow version | H5: Corpus version / namespace | I5: Retrieved evidence (full text) | J5: Answer (JSON or text) | K5: Outcome | L5: Response appropriate? | M5: Citation errors | N5: Critical errors | O5: Total claims | P5: Supported claims | Q5: Unreviewed claims | R5: Faithfulness | S5: Review status | T5: Reviewer | U5: Notes | V5: Expected runbooks | W5: Expected behavior | X5: Claim inventory complete?
A6: R001 | B6: T001 | C6: =IF(B6="","",IFERROR(VLOOKUP(B6,'Test Cases'!$A$6:$J$205,2,FALSE),"Unknown Test ID")) -> Development | D6: =IF(B6="","",IFERROR(VLOOKUP(B6,'Test Cases'!$A$6:$J$205,5,FALSE),"Unknown Test ID")) -> payments-api /charge returns 5xx errors and Stripe requests time out. What should I check, what conditional remediation applies, and when should I escalate? | M6: =IF(A6="","",COUNTIFS('Claim Review'!$A$6:$A$2005,A6,'Claim Review'!$C$6:$C$2005,"<>",'Claim Review'!$G$6:$G$2005,"Wrong citation")+COUNTIFS('Claim Review'!$A$6:$A$2005,A6,'Claim Review'!$C$6:$C$2005,"<>",'Claim Review'!$G$6:$G$2005,"Missing citation")) -> 0 | N6: =IF(A6="","",COUNTIFS('Claim Review'!$A$6:$A$2005,A6,'Claim Review'!$C$6:$C$2005,"<>",'Claim Review'!$H$6:$H$2005,"Yes")) -> 0 | O6: =IF(A6="","",COUNTIFS('Claim Review'!$A$6:$A$2005,A6,'Claim Review'!$C$6:$C$2005,"<>")) -> 0 | P6: =IF(A6="","",COUNTIFS('Claim Review'!$A$6:$A$2005,A6,'Claim Review'!$C$6:$C$2005,"<>",'Claim Review'!$F$6:$F$2005,"Supported")) -> 0 | Q6: =IF(A6="","",O6-COUNTIFS('Claim Review'!$A$6:$A$2005,A6,'Claim Review'!$C$6:$C$2005,"<>",'Claim Review'!$K$6:$K$2005,"Yes")) -> 0 | R6: =IF(AND(A6<>"",COUNTIF($A$6:$A$205,A6)=1,COUNTIF('Test Cases'!$A$6:$A$205,B6)=1,I6<>"",J6<>"",OR(K6="Answered",K6="Clarification",K6="Abstained"),X6="Yes",T6<>"",O6>0,Q6=0),P6/MAX(1,O6),"") | S6: =IF(A6="","",IF(AND(J6="",K6=""),"Pending",IF(COUNTIF($A$6:$A$205,A6)<>1,"Duplicate Run ID",IF(COUNTIF('Test Cases'!$A$6:$A$205,B6)<>1,"Check Test ID",IF(K6="Error","FAIL",IF(OR(I6="",J6=""),"Needs evidence / answer",IF(NOT(OR(K6="Answered",K6="Clarification",K6="Abstained")),"Choose outcome",IF(X6<>"Yes","Confirm claim inventory",IF(AND(K6="Answered",O6=0),"Needs claims",IF(Q6>0,"Needs claim review",IF(OR(NOT(OR(L6="Yes",L6="No")),T6=""),"Needs response review",IF(OR(L6="No",M6>0,N6>0,AND(ISNUMBER(R6),R6<Dashboard!$B$5)),"FAIL","PASS")))))))))))) -> Pending | V6: =IF(B6="","",IFERROR(VLOOKUP(B6,'Test Cases'!$A$6:$J$205,7,FALSE),"Unknown Test ID")) -> RB-001 | W6: =IF(B6="","",IFERROR(VLOOKUP(B6,'Test Cases'!$A$6:$J$205,8,FALSE),"Unknown Test ID")) -> **Service:** payments-api | **Owner:** payments team | **Typical severity:** SEV2 (SEV1 if >50% of charges failing) ## Symptoms - Alert: "payments-api 5xx rate above 5% for 5 minutes" - Logs show "502 upstream prematurely closed connection" and "stripe request timeout after 3000ms" - Checkout failures rise in proportion to the error rate ## First checks 1. `kubectl rollout status deploy/payments-api -n prod` and `kubectl get pods -n prod -l app=payments-api` 2. Was there a deploy in the last 30 minutes? Check the deploy feed first. 3. Check status.stripe.com for an active Stripe incident. 4. Look at the orders DB connection pool (see RB-009 if saturated). ## Diagnosis - Errors started within 10 minutes of a deploy: assume bad release until proven otherwise. - Only /charge failing and Stripe status degraded: downstream provider issue, not us. - 503s with "no healthy upstream": connection pool or target pod problem. ## Remediation 1. Bad deploy: `kubectl rollout undo deploy/payments-api -n prod` 2. Stripe degraded: enable queued-charge mode (`payments.queue_mode=true`) so charges retry asynchronously instead of failing at checkout. 3. Pool saturation: follow RB-009. ## Escalation Escalate to the payments on-call lead if the error rate is above 20% or not resolved within 15 minutes. Declare SEV1 if more than 50% of charges are failing. ## After resolution Confirm the error rate stays below 0.5% for 15 minutes before closing the incident.
A7: R002 | B7: T002 | C7: =IF(B7="","",IFERROR(VLOOKUP(B7,'Test Cases'!$A$6:$J$205,2,FALSE),"Unknown Test ID")) -> Development | D7: =IF(B7="","",IFERROR(VLOOKUP(B7,'Test Cases'!$A$6:$J$205,5,FALSE),"Unknown Test ID")) -> The webhooks-inbound queue is above 10,000 and rising, with delivery failures going to the DLQ. What should I check, how should I recover, and when should I escalate? | M7: =IF(A7="","",COUNTIFS('Claim Review'!$A$6:$A$2005,A7,'Claim Review'!$C$6:$C$2005,"<>",'Claim Review'!$G$6:$G$2005,"Wrong citation")+COUNTIFS('Claim Review'!$A$6:$A$2005,A7,'Claim Review'!$C$6:$C$2005,"<>",'Claim Review'!$G$6:$G$2005,"Missing citation")) -> 0 | N7: =IF(A7="","",COUNTIFS('Claim Review'!$A$6:$A$2005,A7,'Claim Review'!$C$6:$C$2005,"<>",'Claim Review'!$H$6:$H$2005,"Yes")) -> 0 | O7: =IF(A7="","",COUNTIFS('Claim Review'!$A$6:$A$2005,A7,'Claim Review'!$C$6:$C$2005,"<>")) -> 0 | P7: =IF(A7="","",COUNTIFS('Claim Review'!$A$6:$A$2005,A7,'Claim Review'!$C$6:$C$2005,"<>",'Claim Review'!$F$6:$F$2005,"Supported")) -> 0 | Q7: =IF(A7="","",O7-COUNTIFS('Claim Review'!$A$6:$A$2005,A7,'Claim Review'!$C$6:$C$2005,"<>",'Claim Review'!$K$6:$K$2005,"Yes")) -> 0 | R7: =IF(AND(A7<>"",COUNTIF($A$6:$A$205,A7)=1,COUNTIF('Test Cases'!$A$6:$A$205,B7)=1,I7<>"",J7<>"",OR(K7="Answered",K7="Clarification",K7="Abstained"),X7="Yes",T7<>"",O7>0,Q7=0),P7/MAX(1,O7),"") | S7: =IF(A7="","",IF(AND(J7="",K7=""),"Pending",IF(COUNTIF($A$6:$A$205,A7)<>1,"Duplicate Run ID",IF(COUNTIF('Test Cases'!$A$6:$A$205,B7)<>1,"Check Test ID",IF(K7="Error","FAIL",IF(OR(I7="",J7=""),"Needs evidence / answer",IF(NOT(OR(K7="Answered",K7="Clarification",K7="Abstained")),"Choose outcome",IF(X7<>"Yes","Confirm claim inventory",IF(AND(K7="Answered",O7=0),"Needs claims",IF(Q7>0,"Needs claim review",IF(OR(NOT(OR(L7="Yes",L7="No")),T7=""),"Needs response review",IF(OR(L7="No",M7>0,N7>0,AND(ISNUMBER(R7),R7<Dashboard!$B$5)),"FAIL","PASS")))))))))))) -> Pending | V7: =IF(B7="","",IFERROR(VLOOKUP(B7,'Test Cases'!$A$6:$J$205,7,FALSE),"Unknown Test ID")) -> RB-002 | W7: =IF(B7="","",IFERROR(VLOOKUP(B7,'Test Cases'!$A$6:$J$205,8,FALSE),"Unknown Test ID")) -> **Service:** payments-api | **Owner:** payments team | **Typical severity:** SEV3 (SEV2 if backlog > 50,000) ## Symptoms - Queue "webhooks-inbound" depth above 10,000 and rising - Consumer lag growing; downstream order and inventory states go stale - Logs show "delivery attempt 8 failed, moving to DLQ" ## First checks 1. `kubectl get pods -n prod -l app=webhook-consumer` - look for CrashLoopBackOff 2. Check whether the same message_id is stuck at the head of the queue (poison message) 3. Check the downstream endpoint's own error rate ## Diagnosis - Consumer crash-looping: usually a bad deploy or a config change. - One message retried forever: poison message blocking the partition. - Downstream endpoint returning 500s: fix the downstream service first, not the consumer. ## Remediation 1. Fix or roll back the consumer deploy. 2. Move the poison message to the DLQ manually, note its message_id in the incident timeline. 3. Scale consumers: `kubectl scale deploy/webhook-consumer -n prod --replicas=6` 4. Replay the DLQ only after the root cause is fixed. Webhook handlers are idempotent on event_id - verify the consumer checks event_id before replaying. ## Escalation SEV2 if the backlog exceeds 50,000 or customer-visible order states are wrong.
A8: R003 | B8: T003 | C8: =IF(B8="","",IFERROR(VLOOKUP(B8,'Test Cases'!$A$6:$J$205,2,FALSE),"Unknown Test ID")) -> Development | D8: =IF(B8="","",IFERROR(VLOOKUP(B8,'Test Cases'!$A$6:$J$205,5,FALSE),"Unknown Test ID")) -> SSO login success is below 90%, with SAML signature validation failures. What should I check, what remediation applies, and when should I escalate? | M8: =IF(A8="","",COUNTIFS('Claim Review'!$A$6:$A$2005,A8,'Claim Review'!$C$6:$C$2005,"<>",'Claim Review'!$G$6:$G$2005,"Wrong citation")+COUNTIFS('Claim Review'!$A$6:$A$2005,A8,'Claim Review'!$C$6:$C$2005,"<>",'Claim Review'!$G$6:$G$2005,"Missing citation")) -> 0 | N8: =IF(A8="","",COUNTIFS('Claim Review'!$A$6:$A$2005,A8,'Claim Review'!$C$6:$C$2005,"<>",'Claim Review'!$H$6:$H$2005,"Yes")) -> 0 | O8: =IF(A8="","",COUNTIFS('Claim Review'!$A$6:$A$2005,A8,'Claim Review'!$C$6:$C$2005,"<>")) -> 0 | P8: =IF(A8="","",COUNTIFS('Claim Review'!$A$6:$A$2005,A8,'Claim Review'!$C$6:$C$2005,"<>",'Claim Review'!$F$6:$F$2005,"Supported")) -> 0 | Q8: =IF(A8="","",O8-COUNTIFS('Claim Review'!$A$6:$A$2005,A8,'Claim Review'!$C$6:$C$2005,"<>",'Claim Review'!$K$6:$K$2005,"Yes")) -> 0 | R8: =IF(AND(A8<>"",COUNTIF($A$6:$A$205,A8)=1,COUNTIF('Test Cases'!$A$6:$A$205,B8)=1,I8<>"",J8<>"",OR(K8="Answered",K8="Clarification",K8="Abstained"),X8="Yes",T8<>"",O8>0,Q8=0),P8/MAX(1,O8),"") | S8: =IF(A8="","",IF(AND(J8="",K8=""),"Pending",IF(COUNTIF($A$6:$A$205,A8)<>1,"Duplicate Run ID",IF(COUNTIF('Test Cases'!$A$6:$A$205,B8)<>1,"Check Test ID",IF(K8="Error","FAIL",IF(OR(I8="",J8=""),"Needs evidence / answer",IF(NOT(OR(K8="Answered",K8="Clarification",K8="Abstained")),"Choose outcome",IF(X8<>"Yes","Confirm claim inventory",IF(AND(K8="Answered",O8=0),"Needs claims",IF(Q8>0,"Needs claim review",IF(OR(NOT(OR(L8="Yes",L8="No")),T8=""),"Needs response review",IF(OR(L8="No",M8>0,N8>0,AND(ISNUMBER(R8),R8<Dashboard!$B$5)),"FAIL","PASS")))))))))))) -> Pending | V8: =IF(B8="","",IFERROR(VLOOKUP(B8,'Test Cases'!$A$6:$J$205,7,FALSE),"Unknown Test ID")) -> RB-003 | W8: =IF(B8="","",IFERROR(VLOOKUP(B8,'Test Cases'!$A$6:$J$205,8,FALSE),"Unknown Test ID")) -> **Service:** auth-service | **Owner:** identity team | **Typical severity:** SEV1 if all SSO logins fail ## Symptoms - Login success rate below 90% - Errors: "SAML signature validation failed" and "OIDC discovery document fetch failed" ## First checks 1. Fetch the IdP discovery document: `curl https://idp.example.com/.well-known/openid-configuration` 2. Compare the IdP signing certificate fingerprint against the configured metadata. 3. Check node clock drift: `chronyc tracking` - drift above 30 seconds breaks token validation. ## Diagnosis - Most common cause: the IdP rotated its signing certificate and our cached metadata is stale. - Discovery fetch failing: IdP outage or a network/DNS change on our side. - Signature failures plus clock drift: fix NTP before touching metadata. ## Remediation 1. Refresh IdP metadata from the admin console: Identity Providers -> Reload metadata. 2. Clear cached keys: `kubectl rollout restart deploy/auth-service -n prod` 3. If the IdP is down, post the status page notice and wait - do not bypass signature checks. ## Escalation SEV1 if all SSO logins are failing (workforce lockout). Page the identity on-call lead immediately.
A9: R004 | B9: T004 | C9: =IF(B9="","",IFERROR(VLOOKUP(B9,'Test Cases'!$A$6:$J$205,2,FALSE),"Unknown Test ID")) -> Development | D9: =IF(B9="","",IFERROR(VLOOKUP(B9,'Test Cases'!$A$6:$J$205,5,FALSE),"Unknown Test ID")) -> Users are not receiving MFA push prompts and approval latency exceeds 60 seconds. What should I check, what workaround applies, and when should I escalate? | M9: =IF(A9="","",COUNTIFS('Claim Review'!$A$6:$A$2005,A9,'Claim Review'!$C$6:$C$2005,"<>",'Claim Review'!$G$6:$G$2005,"Wrong citation")+COUNTIFS('Claim Review'!$A$6:$A$2005,A9,'Claim Review'!$C$6:$C$2005,"<>",'Claim Review'!$G$6:$G$2005,"Missing citation")) -> 0 | N9: =IF(A9="","",COUNTIFS('Claim Review'!$A$6:$A$2005,A9,'Claim Review'!$C$6:$C$2005,"<>",'Claim Review'!$H$6:$H$2005,"Yes")) -> 0 | O9: =IF(A9="","",COUNTIFS('Claim Review'!$A$6:$A$2005,A9,'Claim Review'!$C$6:$C$2005,"<>")) -> 0 | P9: =IF(A9="","",COUNTIFS('Claim Review'!$A$6:$A$2005,A9,'Claim Review'!$C$6:$C$2005,"<>",'Claim Review'!$F$6:$F$2005,"Supported")) -> 0 | Q9: =IF(A9="","",O9-COUNTIFS('Claim Review'!$A$6:$A$2005,A9,'Claim Review'!$C$6:$C$2005,"<>",'Claim Review'!$K$6:$K$2005,"Yes")) -> 0 | R9: =IF(AND(A9<>"",COUNTIF($A$6:$A$205,A9)=1,COUNTIF('Test Cases'!$A$6:$A$205,B9)=1,I9<>"",J9<>"",OR(K9="Answered",K9="Clarification",K9="Abstained"),X9="Yes",T9<>"",O9>0,Q9=0),P9/MAX(1,O9),"") | S9: =IF(A9="","",IF(AND(J9="",K9=""),"Pending",IF(COUNTIF($A$6:$A$205,A9)<>1,"Duplicate Run ID",IF(COUNTIF('Test Cases'!$A$6:$A$205,B9)<>1,"Check Test ID",IF(K9="Error","FAIL",IF(OR(I9="",J9=""),"Needs evidence / answer",IF(NOT(OR(K9="Answered",K9="Clarification",K9="Abstained")),"Choose outcome",IF(X9<>"Yes","Confirm claim inventory",IF(AND(K9="Answered",O9=0),"Needs claims",IF(Q9>0,"Needs claim review",IF(OR(NOT(OR(L9="Yes",L9="No")),T9=""),"Needs response review",IF(OR(L9="No",M9>0,N9>0,AND(ISNUMBER(R9),R9<Dashboard!$B$5)),"FAIL","PASS")))))))))))) -> Pending | V9: =IF(B9="","",IFERROR(VLOOKUP(B9,'Test Cases'!$A$6:$J$205,7,FALSE),"Unknown Test ID")) -> RB-004 | W9: =IF(B9="","",IFERROR(VLOOKUP(B9,'Test Cases'!$A$6:$J$205,8,FALSE),"Unknown Test ID")) -> **Service:** auth-service | **Owner:** identity team | **Typical severity:** SEV3 (SEV2 if >30 minutes) ## Symptoms - Push approval latency above 60 seconds, or failures with "push token revoked" - Users report not receiving MFA prompts ## First checks 1. Check the push vendor status page (APNs/FCM relay provider). 2. Token revocation rate split by platform: iOS vs Android. 3. Confirm TOTP (authenticator app) logins are unaffected. ## Diagnosis - One platform only: platform gateway or vendor-side issue. - Both platforms: our notification service or vendor account throttling. ## Remediation 1. Advise users to fall back to authenticator app (TOTP) codes - use the comms template in the incident channel. 2. If single-platform, open a vendor ticket with sample device tokens and timestamps. 3. Never disable or weaken MFA to "fix" delivery problems. ## Escalation Identity lead plus a vendor P1 ticket if degradation lasts more than 30 minutes or blocks a SEV1/SEV2 response.
A10: R005 | B10: T005 | C10: =IF(B10="","",IFERROR(VLOOKUP(B10,'Test Cases'!$A$6:$J$205,2,FALSE),"Unknown Test ID")) -> Development | D10: =IF(B10="","",IFERROR(VLOOKUP(B10,'Test Cases'!$A$6:$J$205,5,FALSE),"Unknown Test ID")) -> The indexer-nightly job is stalled and logs show mapper_parsing_exception. What should I check, how should I recover, and when should I escalate? | M10: =IF(A10="","",COUNTIFS('Claim Review'!$A$6:$A$2005,A10,'Claim Review'!$C$6:$C$2005,"<>",'Claim Review'!$G$6:$G$2005,"Wrong citation")+COUNTIFS('Claim Review'!$A$6:$A$2005,A10,'Claim Review'!$C$6:$C$2005,"<>",'Claim Review'!$G$6:$G$2005,"Missing citation")) -> 0 | N10: =IF(A10="","",COUNTIFS('Claim Review'!$A$6:$A$2005,A10,'Claim Review'!$C$6:$C$2005,"<>",'Claim Review'!$H$6:$H$2005,"Yes")) -> 0 | O10: =IF(A10="","",COUNTIFS('Claim Review'!$A$6:$A$2005,A10,'Claim Review'!$C$6:$C$2005,"<>")) -> 0 | P10: =IF(A10="","",COUNTIFS('Claim Review'!$A$6:$A$2005,A10,'Claim Review'!$C$6:$C$2005,"<>",'Claim Review'!$F$6:$F$2005,"Supported")) -> 0 | Q10: =IF(A10="","",O10-COUNTIFS('Claim Review'!$A$6:$A$2005,A10,'Claim Review'!$C$6:$C$2005,"<>",'Claim Review'!$K$6:$K$2005,"Yes")) -> 0 | R10: =IF(AND(A10<>"",COUNTIF($A$6:$A$205,A10)=1,COUNTIF('Test Cases'!$A$6:$A$205,B10)=1,I10<>"",J10<>"",OR(K10="Answered",K10="Clarification",K10="Abstained"),X10="Yes",T10<>"",O10>0,Q10=0),P10/MAX(1,O10),"") | S10: =IF(A10="","",IF(AND(J10="",K10=""),"Pending",IF(COUNTIF($A$6:$A$205,A10)<>1,"Duplicate Run ID",IF(COUNTIF('Test Cases'!$A$6:$A$205,B10)<>1,"Check Test ID",IF(K10="Error","FAIL",IF(OR(I10="",J10=""),"Needs evidence / answer",IF(NOT(OR(K10="Answered",K10="Clarification",K10="Abstained")),"Choose outcome",IF(X10<>"Yes","Confirm claim inventory",IF(AND(K10="Answered",O10=0),"Needs claims",IF(Q10>0,"Needs claim review",IF(OR(NOT(OR(L10="Yes",L10="No")),T10=""),"Needs response review",IF(OR(L10="No",M10>0,N10>0,AND(ISNUMBER(R10),R10<Dashboard!$B$5)),"FAIL","PASS")))))))))))) -> Pending | V10: =IF(B10="","",IFERROR(VLOOKUP(B10,'Test Cases'!$A$6:$J$205,7,FALSE),"Unknown Test ID")) -> RB-005 | W10: =IF(B10="","",IFERROR(VLOOKUP(B10,'Test Cases'!$A$6:$J$205,8,FALSE),"Unknown Test ID")) -> **Service:** search | **Owner:** platform team | **Typical severity:** SEV3 (SEV2 if customer-facing results stale > 2 hours) ## Symptoms - Nightly job "indexer-nightly" stuck, shard progress frozen - Error "mapper_parsing_exception" in indexer logs, or a data node above 85% disk ## First checks 1. Disk usage per data node; indexing halts at the high watermark. 2. Indexer logs for "mapper_parsing_exception" - a field arrived with a conflicting type. 3. GC pause times on data nodes. ## Diagnosis - Disk above watermark: snapshots or old indices consuming space. - Mapping exception: a producer started sending a field with a new type. - Progress frozen with healthy disk: long GC or a hung shard task. ## Remediation 1. Delete snapshots beyond retention; delete closed indices older than 90 days. 2. Fix the mapping for the offending field, or route that field to a quarantine index. 3. Resume the job from its checkpoint: `indexer-nightly --resume-from-shard` 4. If users also report worse results, check the last search deploy for analyzer changes before blaming the index. ## Escalation Platform on-call lead if customer-facing search results are stale for more than 2 hours.
A11: R006 | B11: T006 | C11: =IF(B11="","",IFERROR(VLOOKUP(B11,'Test Cases'!$A$6:$J$205,2,FALSE),"Unknown Test ID")) -> Development | D11: =IF(B11="","",IFERROR(VLOOKUP(B11,'Test Cases'!$A$6:$J$205,5,FALSE),"Unknown Test ID")) -> Checkout p99 is above 2.5 seconds after a deploy and promo validation dominates traces. What should I check, what remediation applies, and how should I verify recovery? | M11: =IF(A11="","",COUNTIFS('Claim Review'!$A$6:$A$2005,A11,'Claim Review'!$C$6:$C$2005,"<>",'Claim Review'!$G$6:$G$2005,"Wrong citation")+COUNTIFS('Claim Review'!$A$6:$A$2005,A11,'Claim Review'!$C$6:$C$2005,"<>",'Claim Review'!$G$6:$G$2005,"Missing citation")) -> 0 | N11: =IF(A11="","",COUNTIFS('Claim Review'!$A$6:$A$2005,A11,'Claim Review'!$C$6:$C$2005,"<>",'Claim Review'!$H$6:$H$2005,"Yes")) -> 0 | O11: =IF(A11="","",COUNTIFS('Claim Review'!$A$6:$A$2005,A11,'Claim Review'!$C$6:$C$2005,"<>")) -> 0 | P11: =IF(A11="","",COUNTIFS('Claim Review'!$A$6:$A$2005,A11,'Claim Review'!$C$6:$C$2005,"<>",'Claim Review'!$F$6:$F$2005,"Supported")) -> 0 | Q11: =IF(A11="","",O11-COUNTIFS('Claim Review'!$A$6:$A$2005,A11,'Claim Review'!$C$6:$C$2005,"<>",'Claim Review'!$K$6:$K$2005,"Yes")) -> 0 | R11: =IF(AND(A11<>"",COUNTIF($A$6:$A$205,A11)=1,COUNTIF('Test Cases'!$A$6:$A$205,B11)=1,I11<>"",J11<>"",OR(K11="Answered",K11="Clarification",K11="Abstained"),X11="Yes",T11<>"",O11>0,Q11=0),P11/MAX(1,O11),"") | S11: =IF(A11="","",IF(AND(J11="",K11=""),"Pending",IF(COUNTIF($A$6:$A$205,A11)<>1,"Duplicate Run ID",IF(COUNTIF('Test Cases'!$A$6:$A$205,B11)<>1,"Check Test ID",IF(K11="Error","FAIL",IF(OR(I11="",J11=""),"Needs evidence / answer",IF(NOT(OR(K11="Answered",K11="Clarification",K11="Abstained")),"Choose outcome",IF(X11<>"Yes","Confirm claim inventory",IF(AND(K11="Answered",O11=0),"Needs claims",IF(Q11>0,"Needs claim review",IF(OR(NOT(OR(L11="Yes",L11="No")),T11=""),"Needs response review",IF(OR(L11="No",M11>0,N11>0,AND(ISNUMBER(R11),R11<Dashboard!$B$5)),"FAIL","PASS")))))))))))) -> Pending | V11: =IF(B11="","",IFERROR(VLOOKUP(B11,'Test Cases'!$A$6:$J$205,7,FALSE),"Unknown Test ID")) -> RB-006 | W11: =IF(B11="","",IFERROR(VLOOKUP(B11,'Test Cases'!$A$6:$J$205,8,FALSE),"Unknown Test ID")) -> **Service:** checkout | **Owner:** growth team | **Typical severity:** SEV2 if conversion impact confirmed ## Symptoms - Checkout p99 latency above 2.5s against a 900ms baseline - APM traces show time concentrated in promo validation or the inventory call ## First checks 1. APM waterfall for a slow trace: which span eats the time? 2. Was "checkout_v2" enabled in the last deploy? 3. Check for N+1 query patterns in cart service database calls. ## Diagnosis - Promo validation called synchronously per cart item: known regression pattern from the v2 flag. - Cache bypass header set by the new frontend build: every request hits origin services. - DB time dominant: hand off to RB-009. ## Remediation 1. Disable the flag: `checkout_v2=false` - instant rollback, no deploy needed. 2. Enable async promo validation: `promo.async_validation=true` 3. Verify p99 below 1.2s for 10 minutes before closing. ## Escalation Growth team lead. SEV2 if analytics confirms a conversion drop.
A12: R007 | B12: T007 | C12: =IF(B12="","",IFERROR(VLOOKUP(B12,'Test Cases'!$A$6:$J$205,2,FALSE),"Unknown Test ID")) -> Development | D12: =IF(B12="","",IFERROR(VLOOKUP(B12,'Test Cases'!$A$6:$J$205,5,FALSE),"Unknown Test ID")) -> Email queues are backing up and the provider returns 429 provider rate limit exceeded. What should I check, what remediation applies, and when should I escalate? | M12: =IF(A12="","",COUNTIFS('Claim Review'!$A$6:$A$2005,A12,'Claim Review'!$C$6:$C$2005,"<>",'Claim Review'!$G$6:$G$2005,"Wrong citation")+COUNTIFS('Claim Review'!$A$6:$A$2005,A12,'Claim Review'!$C$6:$C$2005,"<>",'Claim Review'!$G$6:$G$2005,"Missing citation")) -> 0 | N12: =IF(A12="","",COUNTIFS('Claim Review'!$A$6:$A$2005,A12,'Claim Review'!$C$6:$C$2005,"<>",'Claim Review'!$H$6:$H$2005,"Yes")) -> 0 | O12: =IF(A12="","",COUNTIFS('Claim Review'!$A$6:$A$2005,A12,'Claim Review'!$C$6:$C$2005,"<>")) -> 0 | P12: =IF(A12="","",COUNTIFS('Claim Review'!$A$6:$A$2005,A12,'Claim Review'!$C$6:$C$2005,"<>",'Claim Review'!$F$6:$F$2005,"Supported")) -> 0 | Q12: =IF(A12="","",O12-COUNTIFS('Claim Review'!$A$6:$A$2005,A12,'Claim Review'!$C$6:$C$2005,"<>",'Claim Review'!$K$6:$K$2005,"Yes")) -> 0 | R12: =IF(AND(A12<>"",COUNTIF($A$6:$A$205,A12)=1,COUNTIF('Test Cases'!$A$6:$A$205,B12)=1,I12<>"",J12<>"",OR(K12="Answered",K12="Clarification",K12="Abstained"),X12="Yes",T12<>"",O12>0,Q12=0),P12/MAX(1,O12),"") | S12: =IF(A12="","",IF(AND(J12="",K12=""),"Pending",IF(COUNTIF($A$6:$A$205,A12)<>1,"Duplicate Run ID",IF(COUNTIF('Test Cases'!$A$6:$A$205,B12)<>1,"Check Test ID",IF(K12="Error","FAIL",IF(OR(I12="",J12=""),"Needs evidence / answer",IF(NOT(OR(K12="Answered",K12="Clarification",K12="Abstained")),"Choose outcome",IF(X12<>"Yes","Confirm claim inventory",IF(AND(K12="Answered",O12=0),"Needs claims",IF(Q12>0,"Needs claim review",IF(OR(NOT(OR(L12="Yes",L12="No")),T12=""),"Needs response review",IF(OR(L12="No",M12>0,N12>0,AND(ISNUMBER(R12),R12<Dashboard!$B$5)),"FAIL","PASS")))))))))))) -> Pending | V12: =IF(B12="","",IFERROR(VLOOKUP(B12,'Test Cases'!$A$6:$J$205,7,FALSE),"Unknown Test ID")) -> RB-007 | W12: =IF(B12="","",IFERROR(VLOOKUP(B12,'Test Cases'!$A$6:$J$205,8,FALSE),"Unknown Test ID")) -> **Service:** notifications | **Owner:** platform team | **Typical severity:** SEV3 (SEV2 if OTP/password-reset mail delayed > 15 min) ## Symptoms - Email queue depth rising, send latency above 10 minutes - Provider returns "429 provider rate limit exceeded" ## First checks 1. Split queue depth: transactional vs marketing. A campaign burst sharing the queue is the usual cause. 2. Worker replica count vs the autoscaling cap. 3. Provider rate limit status for our account. ## Diagnosis - Marketing burst: a campaign send flooded the shared queue. - Workers at cap with steady traffic: genuine capacity ceiling. - 429s at low volume: provider-side throttling or account limit change. ## Remediation 1. Prioritize the "notifications-transactional" queue - OTP and password resets go first. 2. Raise worker replicas up to the max of 20. 3. Pause campaign sends: `campaigns.paused=true` 4. Never drop transactional messages to clear a backlog. ## Escalation If password-reset or OTP mail is delayed more than 15 minutes this becomes auth-impacting - raise to SEV2 and cross-reference RB-004.
A13: R008 | B13: T008 | C13: =IF(B13="","",IFERROR(VLOOKUP(B13,'Test Cases'!$A$6:$J$205,2,FALSE),"Unknown Test ID")) -> Development | D13: =IF(B13="","",IFERROR(VLOOKUP(B13,'Test Cases'!$A$6:$J$205,5,FALSE),"Unknown Test ID")) -> Replica lag is above 30 seconds and climbing while a backfill runs. What should I check, what remediation conditions apply, and when should I escalate? | M13: =IF(A13="","",COUNTIFS('Claim Review'!$A$6:$A$2005,A13,'Claim Review'!$C$6:$C$2005,"<>",'Claim Review'!$G$6:$G$2005,"Wrong citation")+COUNTIFS('Claim Review'!$A$6:$A$2005,A13,'Claim Review'!$C$6:$C$2005,"<>",'Claim Review'!$G$6:$G$2005,"Missing citation")) -> 0 | N13: =IF(A13="","",COUNTIFS('Claim Review'!$A$6:$A$2005,A13,'Claim Review'!$C$6:$C$2005,"<>",'Claim Review'!$H$6:$H$2005,"Yes")) -> 0 | O13: =IF(A13="","",COUNTIFS('Claim Review'!$A$6:$A$2005,A13,'Claim Review'!$C$6:$C$2005,"<>")) -> 0 | P13: =IF(A13="","",COUNTIFS('Claim Review'!$A$6:$A$2005,A13,'Claim Review'!$C$6:$C$2005,"<>",'Claim Review'!$F$6:$F$2005,"Supported")) -> 0 | Q13: =IF(A13="","",O13-COUNTIFS('Claim Review'!$A$6:$A$2005,A13,'Claim Review'!$C$6:$C$2005,"<>",'Claim Review'!$K$6:$K$2005,"Yes")) -> 0 | R13: =IF(AND(A13<>"",COUNTIF($A$6:$A$205,A13)=1,COUNTIF('Test Cases'!$A$6:$A$205,B13)=1,I13<>"",J13<>"",OR(K13="Answered",K13="Clarification",K13="Abstained"),X13="Yes",T13<>"",O13>0,Q13=0),P13/MAX(1,O13),"") | S13: =IF(A13="","",IF(AND(J13="",K13=""),"Pending",IF(COUNTIF($A$6:$A$205,A13)<>1,"Duplicate Run ID",IF(COUNTIF('Test Cases'!$A$6:$A$205,B13)<>1,"Check Test ID",IF(K13="Error","FAIL",IF(OR(I13="",J13=""),"Needs evidence / answer",IF(NOT(OR(K13="Answered",K13="Clarification",K13="Abstained")),"Choose outcome",IF(X13<>"Yes","Confirm claim inventory",IF(AND(K13="Answered",O13=0),"Needs claims",IF(Q13>0,"Needs claim review",IF(OR(NOT(OR(L13="Yes",L13="No")),T13=""),"Needs response review",IF(OR(L13="No",M13>0,N13>0,AND(ISNUMBER(R13),R13<Dashboard!$B$5)),"FAIL","PASS")))))))))))) -> Pending | V13: =IF(B13="","",IFERROR(VLOOKUP(B13,'Test Cases'!$A$6:$J$205,7,FALSE),"Unknown Test ID")) -> RB-008 | W13: =IF(B13="","",IFERROR(VLOOKUP(B13,'Test Cases'!$A$6:$J$205,8,FALSE),"Unknown Test ID")) -> **Service:** database-primary | **Owner:** platform (DB) team | **Typical severity:** SEV2 (SEV1 if lag > 300s with unhealthy primary) ## Symptoms - Replica lag above 30 seconds and climbing in pg_stat_replication - Read-your-write complaints from application teams ## First checks 1. `SELECT pid, application_name, now() - xact_start AS xact_age FROM pg_stat_activity ORDER BY xact_age DESC;` 2. Identify bulk jobs by application_name - backfills are the usual blocker. 3. Replica disk I/O utilisation. ## Diagnosis - One long transaction on the primary: replica replay is blocked behind it. - Backfill job running during peak: contention, not failure. - Replica disk saturated: replay cannot keep up even with a healthy primary. ## Remediation 1. With incident commander approval, terminate the blocking backfill: `SELECT pg_terminate_backend(<pid>);` 2. Throttle or pause batch jobs until lag drains below 5 seconds. 3. Controlled failover only if the primary is genuinely failing AND lag is under 10 seconds. 4. Never promote a replica with lag above 300 seconds without data-loss sign-off from the DB lead. ## Escalation SEV1 if lag exceeds 300 seconds with an unhealthy primary. Page the DB lead.
A14: R009 | B14: T009 | C14: =IF(B14="","",IFERROR(VLOOKUP(B14,'Test Cases'!$A$6:$J$205,2,FALSE),"Unknown Test ID")) -> Development | D14: =IF(B14="","",IFERROR(VLOOKUP(B14,'Test Cases'!$A$6:$J$205,5,FALSE),"Unknown Test ID")) -> The orders database connection pool is saturated and requests are failing. What should I check first, what remediation should I follow, and when should I escalate? | M14: =IF(A14="","",COUNTIFS('Claim Review'!$A$6:$A$2005,A14,'Claim Review'!$C$6:$C$2005,"<>",'Claim Review'!$G$6:$G$2005,"Wrong citation")+COUNTIFS('Claim Review'!$A$6:$A$2005,A14,'Claim Review'!$C$6:$C$2005,"<>",'Claim Review'!$G$6:$G$2005,"Missing citation")) -> 0 | N14: =IF(A14="","",COUNTIFS('Claim Review'!$A$6:$A$2005,A14,'Claim Review'!$C$6:$C$2005,"<>",'Claim Review'!$H$6:$H$2005,"Yes")) -> 0 | O14: =IF(A14="","",COUNTIFS('Claim Review'!$A$6:$A$2005,A14,'Claim Review'!$C$6:$C$2005,"<>")) -> 0 | P14: =IF(A14="","",COUNTIFS('Claim Review'!$A$6:$A$2005,A14,'Claim Review'!$C$6:$C$2005,"<>",'Claim Review'!$F$6:$F$2005,"Supported")) -> 0 | Q14: =IF(A14="","",O14-COUNTIFS('Claim Review'!$A$6:$A$2005,A14,'Claim Review'!$C$6:$C$2005,"<>",'Claim Review'!$K$6:$K$2005,"Yes")) -> 0 | R14: =IF(AND(A14<>"",COUNTIF($A$6:$A$205,A14)=1,COUNTIF('Test Cases'!$A$6:$A$205,B14)=1,I14<>"",J14<>"",OR(K14="Answered",K14="Clarification",K14="Abstained"),X14="Yes",T14<>"",O14>0,Q14=0),P14/MAX(1,O14),"") | S14: =IF(A14="","",IF(AND(J14="",K14=""),"Pending",IF(COUNTIF($A$6:$A$205,A14)<>1,"Duplicate Run ID",IF(COUNTIF('Test Cases'!$A$6:$A$205,B14)<>1,"Check Test ID",IF(K14="Error","FAIL",IF(OR(I14="",J14=""),"Needs evidence / answer",IF(NOT(OR(K14="Answered",K14="Clarification",K14="Abstained")),"Choose outcome",IF(X14<>"Yes","Confirm claim inventory",IF(AND(K14="Answered",O14=0),"Needs claims",IF(Q14>0,"Needs claim review",IF(OR(NOT(OR(L14="Yes",L14="No")),T14=""),"Needs response review",IF(OR(L14="No",M14>0,N14>0,AND(ISNUMBER(R14),R14<Dashboard!$B$5)),"FAIL","PASS")))))))))))) -> Pending | V14: =IF(B14="","",IFERROR(VLOOKUP(B14,'Test Cases'!$A$6:$J$205,7,FALSE),"Unknown Test ID")) -> RB-009 | W14: =IF(B14="","",IFERROR(VLOOKUP(B14,'Test Cases'!$A$6:$J$205,8,FALSE),"Unknown Test ID")) -> **Service:** database-primary | **Owner:** platform (DB) team | **Typical severity:** SEV2 ## Symptoms - Application errors: "FATAL: remaining connection slots are reserved for non-replication superuser connections" - PgBouncer client wait queue growing ## First checks 1. `SELECT application_name, state, count(*) FROM pg_stat_activity GROUP BY 1, 2 ORDER BY 3 DESC;` 2. PgBouncer: `SHOW POOLS;` - look at cl_waiting. 3. Sessions stuck in "idle in transaction" point at a leaking deploy. ## Diagnosis - One application_name dominating with idle-in-transaction sessions: connection leak in a recent deploy. - All apps up evenly: genuine load growth or a batch job. - Pooler queue up but DB sessions low: pool size misconfigured after a deploy. ## Remediation 1. Restart the pooler to clear leaked sessions: `systemctl restart pgbouncer` 2. Roll back the leaking deploy; the leak, not the pool size, is the bug. 3. Temporary pool_size increase of 25% is allowed only if DB CPU is below 60%. ## Escalation DB lead if it recurs twice in 24 hours - that is a leak hunt, treat as SEV2.
A15: R010 | B15: T010 | C15: =IF(B15="","",IFERROR(VLOOKUP(B15,'Test Cases'!$A$6:$J$205,2,FALSE),"Unknown Test ID")) -> Development | D15: =IF(B15="","",IFERROR(VLOOKUP(B15,'Test Cases'!$A$6:$J$205,5,FALSE),"Unknown Test ID")) -> CDN cache hit ratio dropped below 70%, origin traffic tripled, and edge 503s appeared after a config push. What should I check and do? | M15: =IF(A15="","",COUNTIFS('Claim Review'!$A$6:$A$2005,A15,'Claim Review'!$C$6:$C$2005,"<>",'Claim Review'!$G$6:$G$2005,"Wrong citation")+COUNTIFS('Claim Review'!$A$6:$A$2005,A15,'Claim Review'!$C$6:$C$2005,"<>",'Claim Review'!$G$6:$G$2005,"Missing citation")) -> 0 | N15: =IF(A15="","",COUNTIFS('Claim Review'!$A$6:$A$2005,A15,'Claim Review'!$C$6:$C$2005,"<>",'Claim Review'!$H$6:$H$2005,"Yes")) -> 0 | O15: =IF(A15="","",COUNTIFS('Claim Review'!$A$6:$A$2005,A15,'Claim Review'!$C$6:$C$2005,"<>")) -> 0 | P15: =IF(A15="","",COUNTIFS('Claim Review'!$A$6:$A$2005,A15,'Claim Review'!$C$6:$C$2005,"<>",'Claim Review'!$F$6:$F$2005,"Supported")) -> 0 | Q15: =IF(A15="","",O15-COUNTIFS('Claim Review'!$A$6:$A$2005,A15,'Claim Review'!$C$6:$C$2005,"<>",'Claim Review'!$K$6:$K$2005,"Yes")) -> 0 | R15: =IF(AND(A15<>"",COUNTIF($A$6:$A$205,A15)=1,COUNTIF('Test Cases'!$A$6:$A$205,B15)=1,I15<>"",J15<>"",OR(K15="Answered",K15="Clarification",K15="Abstained"),X15="Yes",T15<>"",O15>0,Q15=0),P15/MAX(1,O15),"") | S15: =IF(A15="","",IF(AND(J15="",K15=""),"Pending",IF(COUNTIF($A$6:$A$205,A15)<>1,"Duplicate Run ID",IF(COUNTIF('Test Cases'!$A$6:$A$205,B15)<>1,"Check Test ID",IF(K15="Error","FAIL",IF(OR(I15="",J15=""),"Needs evidence / answer",IF(NOT(OR(K15="Answered",K15="Clarification",K15="Abstained")),"Choose outcome",IF(X15<>"Yes","Confirm claim inventory",IF(AND(K15="Answered",O15=0),"Needs claims",IF(Q15>0,"Needs claim review",IF(OR(NOT(OR(L15="Yes",L15="No")),T15=""),"Needs response review",IF(OR(L15="No",M15>0,N15>0,AND(ISNUMBER(R15),R15<Dashboard!$B$5)),"FAIL","PASS")))))))))))) -> Pending | V15: =IF(B15="","",IFERROR(VLOOKUP(B15,'Test Cases'!$A$6:$J$205,7,FALSE),"Unknown Test ID")) -> RB-010 | W15: =IF(B15="","",IFERROR(VLOOKUP(B15,'Test Cases'!$A$6:$J$205,8,FALSE),"Unknown Test ID")) -> **Service:** cdn-edge | **Owner:** platform team | **Typical severity:** SEV2 if origin is saturating ## Symptoms - Cache hit ratio below 70% against a 92% baseline - Origin traffic roughly 3x normal; scattered 503s by POP after a config push ## First checks 1. Hit ratio split by POP and by path - global or localized? 2. Was there a CDN config push or a full purge in the last hour? 3. Origin response codes and origin CPU. ## Diagnosis - Cache key changed to include the session cookie: every user becomes a unique cache entry. - Full purge during peak: self-inflicted origin stampede. - One POP only: bad config version on that POP or an origin shield misroute. ## Remediation 1. Roll back the CDN config to the previous known-good version. 2. Enable origin shield and request coalescing to protect the origin. 3. Re-warm the top 500 URLs after rollback. 4. Disable scheduled purges until the root cause is confirmed. ## Escalation SEV2 if the origin is saturating. Protect the origin first, investigate second.
A16: R011 | B16: T011 | C16: =IF(B16="","",IFERROR(VLOOKUP(B16,'Test Cases'!$A$6:$J$205,2,FALSE),"Unknown Test ID")) -> Development | D16: =IF(B16="","",IFERROR(VLOOKUP(B16,'Test Cases'!$A$6:$J$205,5,FALSE),"Unknown Test ID")) -> Stock sync is failing with deadlock detected on sku_locks and oversell alerts are active. What should I check, how should I recover, and who should I notify? | M16: =IF(A16="","",COUNTIFS('Claim Review'!$A$6:$A$2005,A16,'Claim Review'!$C$6:$C$2005,"<>",'Claim Review'!$G$6:$G$2005,"Wrong citation")+COUNTIFS('Claim Review'!$A$6:$A$2005,A16,'Claim Review'!$C$6:$C$2005,"<>",'Claim Review'!$G$6:$G$2005,"Missing citation")) -> 0 | N16: =IF(A16="","",COUNTIFS('Claim Review'!$A$6:$A$2005,A16,'Claim Review'!$C$6:$C$2005,"<>",'Claim Review'!$H$6:$H$2005,"Yes")) -> 0 | O16: =IF(A16="","",COUNTIFS('Claim Review'!$A$6:$A$2005,A16,'Claim Review'!$C$6:$C$2005,"<>")) -> 0 | P16: =IF(A16="","",COUNTIFS('Claim Review'!$A$6:$A$2005,A16,'Claim Review'!$C$6:$C$2005,"<>",'Claim Review'!$F$6:$F$2005,"Supported")) -> 0 | Q16: =IF(A16="","",O16-COUNTIFS('Claim Review'!$A$6:$A$2005,A16,'Claim Review'!$C$6:$C$2005,"<>",'Claim Review'!$K$6:$K$2005,"Yes")) -> 0 | R16: =IF(AND(A16<>"",COUNTIF($A$6:$A$205,A16)=1,COUNTIF('Test Cases'!$A$6:$A$205,B16)=1,I16<>"",J16<>"",OR(K16="Answered",K16="Clarification",K16="Abstained"),X16="Yes",T16<>"",O16>0,Q16=0),P16/MAX(1,O16),"") | S16: =IF(A16="","",IF(AND(J16="",K16=""),"Pending",IF(COUNTIF($A$6:$A$205,A16)<>1,"Duplicate Run ID",IF(COUNTIF('Test Cases'!$A$6:$A$205,B16)<>1,"Check Test ID",IF(K16="Error","FAIL",IF(OR(I16="",J16=""),"Needs evidence / answer",IF(NOT(OR(K16="Answered",K16="Clarification",K16="Abstained")),"Choose outcome",IF(X16<>"Yes","Confirm claim inventory",IF(AND(K16="Answered",O16=0),"Needs claims",IF(Q16>0,"Needs claim review",IF(OR(NOT(OR(L16="Yes",L16="No")),T16=""),"Needs response review",IF(OR(L16="No",M16>0,N16>0,AND(ISNUMBER(R16),R16<Dashboard!$B$5)),"FAIL","PASS")))))))))))) -> Pending | V16: =IF(B16="","",IFERROR(VLOOKUP(B16,'Test Cases'!$A$6:$J$205,7,FALSE),"Unknown Test ID")) -> RB-011 | W16: =IF(B16="","",IFERROR(VLOOKUP(B16,'Test Cases'!$A$6:$J$205,8,FALSE),"Unknown Test ID")) -> **Service:** inventory | **Owner:** growth team | **Typical severity:** SEV2 while oversell is active ## Symptoms - Stock sync job failing; oversell alerts on high-velocity SKUs - Errors: "deadlock detected on sku_locks", or the feed file is missing the column "warehouse_id" ## First checks 1. Is more than one sync run executing at once? Overlapping runs deadlock each other. 2. Diff the latest warehouse feed file against the expected schema. 3. Check whether the batch repricing job is running concurrently. ## Diagnosis - Missing "warehouse_id" column: the warehouse changed the feed schema without notice. - Deadlocks with overlapping runs: scheduling collision, not bad data. - Deadlocks with repricing: lock ordering conflict between the two jobs. ## Remediation 1. Stop extra sync runs; rerun a single sync in idempotent reconcile mode: `stock-sync --mode=reconcile` 2. Reconcile counts for affected SKUs from the latest warehouse snapshot. 3. For oversold orders, follow the customer outreach macro - do not hand-edit stock counts outside reconcile mode. ## Escalation SEV2 while oversell is active (customer-facing). Notify growth and support leads.
A17: R012 | B17: T012 | C17: =IF(B17="","",IFERROR(VLOOKUP(B17,'Test Cases'!$A$6:$J$205,2,FALSE),"Unknown Test ID")) -> Development | D17: =IF(B17="","",IFERROR(VLOOKUP(B17,'Test Cases'!$A$6:$J$205,5,FALSE),"Unknown Test ID")) -> For a SEV1 incident, what are the acknowledgement and update targets, who can downgrade severity, and what follow-up is required? | M17: =IF(A17="","",COUNTIFS('Claim Review'!$A$6:$A$2005,A17,'Claim Review'!$C$6:$C$2005,"<>",'Claim Review'!$G$6:$G$2005,"Wrong citation")+COUNTIFS('Claim Review'!$A$6:$A$2005,A17,'Claim Review'!$C$6:$C$2005,"<>",'Claim Review'!$G$6:$G$2005,"Missing citation")) -> 0 | N17: =IF(A17="","",COUNTIFS('Claim Review'!$A$6:$A$2005,A17,'Claim Review'!$C$6:$C$2005,"<>",'Claim Review'!$H$6:$H$2005,"Yes")) -> 0 | O17: =IF(A17="","",COUNTIFS('Claim Review'!$A$6:$A$2005,A17,'Claim Review'!$C$6:$C$2005,"<>")) -> 0 | P17: =IF(A17="","",COUNTIFS('Claim Review'!$A$6:$A$2005,A17,'Claim Review'!$C$6:$C$2005,"<>",'Claim Review'!$F$6:$F$2005,"Supported")) -> 0 | Q17: =IF(A17="","",O17-COUNTIFS('Claim Review'!$A$6:$A$2005,A17,'Claim Review'!$C$6:$C$2005,"<>",'Claim Review'!$K$6:$K$2005,"Yes")) -> 0 | R17: =IF(AND(A17<>"",COUNTIF($A$6:$A$205,A17)=1,COUNTIF('Test Cases'!$A$6:$A$205,B17)=1,I17<>"",J17<>"",OR(K17="Answered",K17="Clarification",K17="Abstained"),X17="Yes",T17<>"",O17>0,Q17=0),P17/MAX(1,O17),"") | S17: =IF(A17="","",IF(AND(J17="",K17=""),"Pending",IF(COUNTIF($A$6:$A$205,A17)<>1,"Duplicate Run ID",IF(COUNTIF('Test Cases'!$A$6:$A$205,B17)<>1,"Check Test ID",IF(K17="Error","FAIL",IF(OR(I17="",J17=""),"Needs evidence / answer",IF(NOT(OR(K17="Answered",K17="Clarification",K17="Abstained")),"Choose outcome",IF(X17<>"Yes","Confirm claim inventory",IF(AND(K17="Answered",O17=0),"Needs claims",IF(Q17>0,"Needs claim review",IF(OR(NOT(OR(L17="Yes",L17="No")),T17=""),"Needs response review",IF(OR(L17="No",M17>0,N17>0,AND(ISNUMBER(R17),R17<Dashboard!$B$5)),"FAIL","PASS")))))))))))) -> Pending | V17: =IF(B17="","",IFERROR(VLOOKUP(B17,'Test Cases'!$A$6:$J$205,7,FALSE),"Unknown Test ID")) -> RB-012 | W17: =IF(B17="","",IFERROR(VLOOKUP(B17,'Test Cases'!$A$6:$J$205,8,FALSE),"Unknown Test ID")) -> **Service:** all | **Owner:** infrastructure operations | **Applies to:** every incident ## Severity definitions and response targets - **SEV1:** Customer-facing outage or data-loss risk. Acknowledge within 5 minutes. Incident commander required. Stakeholder updates every 30 minutes. - **SEV2:** Major degradation of a customer-facing service. Acknowledge within 15 minutes. Updates hourly. - **SEV3:** Minor degradation with a workaround available. Acknowledge within 60 minutes. - **SEV4:** No customer impact. Acknowledge within 240 minutes; next business day is acceptable. ## Declaring and downgrading - Any on-call engineer can declare a SEV1 or SEV2. - Only the incident commander can downgrade a severity. - When in doubt between two levels, declare the higher one - downgrading is cheap, under-declaring is not. ## Escalation chain Service owner -> team on-call lead -> engineering manager -> director of infrastructure. Page the next level if the current level has not engaged within the ack target for the severity. ## Communications and follow-up - Status page updates are mandatory for SEV1 and SEV2. - A blameless postmortem is required for every SEV1 and SEV2 within 3 business days, owned by the incident commander.
... A25: R020 | B25: T020 | C25: =IF(B25="","",IFERROR(VLOOKUP(B25,'Test Cases'!$A$6:$J$205,2,FALSE),"Unknown Test ID")) -> Development | D25: =IF(B25="","",IFERROR(VLOOKUP(B25,'Test Cases'!$A$6:$J$205,5,FALSE),"Unknown Test ID")) -> It is failing. What should I restart? | M25: =IF(A25="","",COUNTIFS('Claim Review'!$A$6:$A$2005,A25,'Claim Review'!$C$6:$C$2005,"<>",'Claim Review'!$G$6:$G$2005,"Wrong citation")+COUNTIFS('Claim Review'!$A$6:$A$2005,A25,'Claim Review'!$C$6:$C$2005,"<>",'Claim Review'!$G$6:$G$2005,"Missing citation")) -> 0 | N25: =IF(A25="","",COUNTIFS('Claim Review'!$A$6:$A$2005,A25,'Claim Review'!$C$6:$C$2005,"<>",'Claim Review'!$H$6:$H$2005,"Yes")) -> 0 | O25: =IF(A25="","",COUNTIFS('Claim Review'!$A$6:$A$2005,A25,'Claim Review'!$C$6:$C$2005,"<>")) -> 0 | P25: =IF(A25="","",COUNTIFS('Claim Review'!$A$6:$A$2005,A25,'Claim Review'!$C$6:$C$2005,"<>",'Claim Review'!$F$6:$F$2005,"Supported")) -> 0 | Q25: =IF(A25="","",O25-COUNTIFS('Claim Review'!$A$6:$A$2005,A25,'Claim Review'!$C$6:$C$2005,"<>",'Claim Review'!$K$6:$K$2005,"Yes")) -> 0 | R25: =IF(AND(A25<>"",COUNTIF($A$6:$A$205,A25)=1,COUNTIF('Test Cases'!$A$6:$A$205,B25)=1,I25<>"",J25<>"",OR(K25="Answered",K25="Clarification",K25="Abstained"),X25="Yes",T25<>"",O25>0,Q25=0),P25/MAX(1,O25),"") | S25: =IF(A25="","",IF(AND(J25="",K25=""),"Pending",IF(COUNTIF($A$6:$A$205,A25)<>1,"Duplicate Run ID",IF(COUNTIF('Test Cases'!$A$6:$A$205,B25)<>1,"Check Test ID",IF(K25="Error","FAIL",IF(OR(I25="",J25=""),"Needs evidence / answer",IF(NOT(OR(K25="Answered",K25="Clarification",K25="Abstained")),"Choose outcome",IF(X25<>"Yes","Confirm claim inventory",IF(AND(K25="Answered",O25=0),"Needs claims",IF(Q25>0,"Needs claim review",IF(OR(NOT(OR(L25="Yes",L25="No")),T25=""),"Needs response review",IF(OR(L25="No",M25>0,N25>0,AND(ISNUMBER(R25),R25<Dashboard!$B$5)),"FAIL","PASS")))))))))))) -> Pending | V25: =IF(B25="","",IFERROR(VLOOKUP(B25,'Test Cases'!$A$6:$J$205,7,FALSE),"Unknown Test ID")) | W25: =IF(B25="","",IFERROR(VLOOKUP(B25,'Test Cases'!$A$6:$J$205,8,FALSE),"Unknown Test ID")) -> Ask for the affected service and exact alert or symptoms. Do not recommend an arbitrary restart.
C26: =IF(B26="","",IFERROR(VLOOKUP(B26,'Test Cases'!$A$6:$J$205,2,FALSE),"Unknown Test ID")) | D26: =IF(B26="","",IFERROR(VLOOKUP(B26,'Test Cases'!$A$6:$J$205,5,FALSE),"Unknown Test ID")) | M26: =IF(A26="","",COUNTIFS('Claim Review'!$A$6:$A$2005,A26,'Claim Review'!$C$6:$C$2005,"<>",'Claim Review'!$G$6:$G$2005,"Wrong citation")+COUNTIFS('Claim Review'!$A$6:$A$2005,A26,'Claim Review'!$C$6:$C$2005,"<>",'Claim Review'!$G$6:$G$2005,"Missing citation")) | N26: =IF(A26="","",COUNTIFS('Claim Review'!$A$6:$A$2005,A26,'Claim Review'!$C$6:$C$2005,"<>",'Claim Review'!$H$6:$H$2005,"Yes")) | O26: =IF(A26="","",COUNTIFS('Claim Review'!$A$6:$A$2005,A26,'Claim Review'!$C$6:$C$2005,"<>")) | P26: =IF(A26="","",COUNTIFS('Claim Review'!$A$6:$A$2005,A26,'Claim Review'!$C$6:$C$2005,"<>",'Claim Review'!$F$6:$F$2005,"Supported")) | Q26: =IF(A26="","",O26-COUNTIFS('Claim Review'!$A$6:$A$2005,A26,'Claim Review'!$C$6:$C$2005,"<>",'Claim Review'!$K$6:$K$2005,"Yes")) | R26: =IF(AND(A26<>"",COUNTIF($A$6:$A$205,A26)=1,COUNTIF('Test Cases'!$A$6:$A$205,B26)=1,I26<>"",J26<>"",OR(K26="Answered",K26="Clarification",K26="Abstained"),X26="Yes",T26<>"",O26>0,Q26=0),P26/MAX(1,O26),"") | S26: =IF(A26="","",IF(AND(J26="",K26=""),"Pending",IF(COUNTIF($A$6:$A$205,A26)<>1,"Duplicate Run ID",IF(COUNTIF('Test Cases'!$A$6:$A$205,B26)<>1,"Check Test ID",IF(K26="Error","FAIL",IF(OR(I26="",J26=""),"Needs evidence / answer",IF(NOT(OR(K26="Answered",K26="Clarification",K26="Abstained")),"Choose outcome",IF(X26<>"Yes","Confirm claim inventory",IF(AND(K26="Answered",O26=0),"Needs claims",IF(Q26>0,"Needs claim review",IF(OR(NOT(OR(L26="Yes",L26="No")),T26=""),"Needs response review",IF(OR(L26="No",M26>0,N26>0,AND(ISNUMBER(R26),R26<Dashboard!$B$5)),"FAIL","PASS")))))))))))) | V26: =IF(B26="","",IFERROR(VLOOKUP(B26,'Test Cases'!$A$6:$J$205,7,FALSE),"Unknown Test ID")) | W26: =IF(B26="","",IFERROR(VLOOKUP(B26,'Test Cases'!$A$6:$J$205,8,FALSE),"Unknown Test ID"))
C27: =IF(B27="","",IFERROR(VLOOKUP(B27,'Test Cases'!$A$6:$J$205,2,FALSE),"Unknown Test ID")) | D27: =IF(B27="","",IFERROR(VLOOKUP(B27,'Test Cases'!$A$6:$J$205,5,FALSE),"Unknown Test ID")) | M27: =IF(A27="","",COUNTIFS('Claim Review'!$A$6:$A$2005,A27,'Claim Review'!$C$6:$C$2005,"<>",'Claim Review'!$G$6:$G$2005,"Wrong citation")+COUNTIFS('Claim Review'!$A$6:$A$2005,A27,'Claim Review'!$C$6:$C$2005,"<>",'Claim Review'!$G$6:$G$2005,"Missing citation")) | N27: =IF(A27="","",COUNTIFS('Claim Review'!$A$6:$A$2005,A27,'Claim Review'!$C$6:$C$2005,"<>",'Claim Review'!$H$6:$H$2005,"Yes")) | O27: =IF(A27="","",COUNTIFS('Claim Review'!$A$6:$A$2005,A27,'Claim Review'!$C$6:$C$2005,"<>")) | P27: =IF(A27="","",COUNTIFS('Claim Review'!$A$6:$A$2005,A27,'Claim Review'!$C$6:$C$2005,"<>",'Claim Review'!$F$6:$F$2005,"Supported")) | Q27: =IF(A27="","",O27-COUNTIFS('Claim Review'!$A$6:$A$2005,A27,'Claim Review'!$C$6:$C$2005,"<>",'Claim Review'!$K$6:$K$2005,"Yes")) | R27: =IF(AND(A27<>"",COUNTIF($A$6:$A$205,A27)=1,COUNTIF('Test Cases'!$A$6:$A$205,B27)=1,I27<>"",J27<>"",OR(K27="Answered",K27="Clarification",K27="Abstained"),X27="Yes",T27<>"",O27>0,Q27=0),P27/MAX(1,O27),"") | S27: =IF(A27="","",IF(AND(J27="",K27=""),"Pending",IF(COUNTIF($A$6:$A$205,A27)<>1,"Duplicate Run ID",IF(COUNTIF('Test Cases'!$A$6:$A$205,B27)<>1,"Check Test ID",IF(K27="Error","FAIL",IF(OR(I27="",J27=""),"Needs evidence / answer",IF(NOT(OR(K27="Answered",K27="Clarification",K27="Abstained")),"Choose outcome",IF(X27<>"Yes","Confirm claim inventory",IF(AND(K27="Answered",O27=0),"Needs claims",IF(Q27>0,"Needs claim review",IF(OR(NOT(OR(L27="Yes",L27="No")),T27=""),"Needs response review",IF(OR(L27="No",M27>0,N27>0,AND(ISNUMBER(R27),R27<Dashboard!$B$5)),"FAIL","PASS")))))))))))) | V27: =IF(B27="","",IFERROR(VLOOKUP(B27,'Test Cases'!$A$6:$J$205,7,FALSE),"Unknown Test ID")) | W27: =IF(B27="","",IFERROR(VLOOKUP(B27,'Test Cases'!$A$6:$J$205,8,FALSE),"Unknown Test ID"))
C28: =IF(B28="","",IFERROR(VLOOKUP(B28,'Test Cases'!$A$6:$J$205,2,FALSE),"Unknown Test ID")) | D28: =IF(B28="","",IFERROR(VLOOKUP(B28,'Test Cases'!$A$6:$J$205,5,FALSE),"Unknown Test ID")) | M28: =IF(A28="","",COUNTIFS('Claim Review'!$A$6:$A$2005,A28,'Claim Review'!$C$6:$C$2005,"<>",'Claim Review'!$G$6:$G$2005,"Wrong citation")+COUNTIFS('Claim Review'!$A$6:$A$2005,A28,'Claim Review'!$C$6:$C$2005,"<>",'Claim Review'!$G$6:$G$2005,"Missing citation")) | N28: =IF(A28="","",COUNTIFS('Claim Review'!$A$6:$A$2005,A28,'Claim Review'!$C$6:$C$2005,"<>",'Claim Review'!$H$6:$H$2005,"Yes")) | O28: =IF(A28="","",COUNTIFS('Claim Review'!$A$6:$A$2005,A28,'Claim Review'!$C$6:$C$2005,"<>")) | P28: =IF(A28="","",COUNTIFS('Claim Review'!$A$6:$A$2005,A28,'Claim Review'!$C$6:$C$2005,"<>",'Claim Review'!$F$6:$F$2005,"Supported")) | Q28: =IF(A28="","",O28-COUNTIFS('Claim Review'!$A$6:$A$2005,A28,'Claim Review'!$C$6:$C$2005,"<>",'Claim Review'!$K$6:$K$2005,"Yes")) | R28: =IF(AND(A28<>"",COUNTIF($A$6:$A$205,A28)=1,COUNTIF('Test Cases'!$A$6:$A$205,B28)=1,I28<>"",J28<>"",OR(K28="Answered",K28="Clarification",K28="Abstained"),X28="Yes",T28<>"",O28>0,Q28=0),P28/MAX(1,O28),"") | S28: =IF(A28="","",IF(AND(J28="",K28=""),"Pending",IF(COUNTIF($A$6:$A$205,A28)<>1,"Duplicate Run ID",IF(COUNTIF('Test Cases'!$A$6:$A$205,B28)<>1,"Check Test ID",IF(K28="Error","FAIL",IF(OR(I28="",J28=""),"Needs evidence / answer",IF(NOT(OR(K28="Answered",K28="Clarification",K28="Abstained")),"Choose outcome",IF(X28<>"Yes","Confirm claim inventory",IF(AND(K28="Answered",O28=0),"Needs claims",IF(Q28>0,"Needs claim review",IF(OR(NOT(OR(L28="Yes",L28="No")),T28=""),"Needs response review",IF(OR(L28="No",M28>0,N28>0,AND(ISNUMBER(R28),R28<Dashboard!$B$5)),"FAIL","PASS")))))))))))) | V28: =IF(B28="","",IFERROR(VLOOKUP(B28,'Test Cases'!$A$6:$J$205,7,FALSE),"Unknown Test ID")) | W28: =IF(B28="","",IFERROR(VLOOKUP(B28,'Test Cases'!$A$6:$J$205,8,FALSE),"Unknown Test ID"))
C29: =IF(B29="","",IFERROR(VLOOKUP(B29,'Test Cases'!$A$6:$J$205,2,FALSE),"Unknown Test ID")) | D29: =IF(B29="","",IFERROR(VLOOKUP(B29,'Test Cases'!$A$6:$J$205,5,FALSE),"Unknown Test ID")) | M29: =IF(A29="","",COUNTIFS('Claim Review'!$A$6:$A$2005,A29,'Claim Review'!$C$6:$C$2005,"<>",'Claim Review'!$G$6:$G$2005,"Wrong citation")+COUNTIFS('Claim Review'!$A$6:$A$2005,A29,'Claim Review'!$C$6:$C$2005,"<>",'Claim Review'!$G$6:$G$2005,"Missing citation")) | N29: =IF(A29="","",COUNTIFS('Claim Review'!$A$6:$A$2005,A29,'Claim Review'!$C$6:$C$2005,"<>",'Claim Review'!$H$6:$H$2005,"Yes")) | O29: =IF(A29="","",COUNTIFS('Claim Review'!$A$6:$A$2005,A29,'Claim Review'!$C$6:$C$2005,"<>")) | P29: =IF(A29="","",COUNTIFS('Claim Review'!$A$6:$A$2005,A29,'Claim Review'!$C$6:$C$2005,"<>",'Claim Review'!$F$6:$F$2005,"Supported")) | Q29: =IF(A29="","",O29-COUNTIFS('Claim Review'!$A$6:$A$2005,A29,'Claim Review'!$C$6:$C$2005,"<>",'Claim Review'!$K$6:$K$2005,"Yes")) | R29: =IF(AND(A29<>"",COUNTIF($A$6:$A$205,A29)=1,COUNTIF('Test Cases'!$A$6:$A$205,B29)=1,I29<>"",J29<>"",OR(K29="Answered",K29="Clarification",K29="Abstained"),X29="Yes",T29<>"",O29>0,Q29=0),P29/MAX(1,O29),"") | S29: =IF(A29="","",IF(AND(J29="",K29=""),"Pending",IF(COUNTIF($A$6:$A$205,A29)<>1,"Duplicate Run ID",IF(COUNTIF('Test Cases'!$A$6:$A$205,B29)<>1,"Check Test ID",IF(K29="Error","FAIL",IF(OR(I29="",J29=""),"Needs evidence / answer",IF(NOT(OR(K29="Answered",K29="Clarification",K29="Abstained")),"Choose outcome",IF(X29<>"Yes","Confirm claim inventory",IF(AND(K29="Answered",O29=0),"Needs claims",IF(Q29>0,"Needs claim review",IF(OR(NOT(OR(L29="Yes",L29="No")),T29=""),"Needs response review",IF(OR(L29="No",M29>0,N29>0,AND(ISNUMBER(R29),R29<Dashboard!$B$5)),"FAIL","PASS")))))))))))) | V29: =IF(B29="","",IFERROR(VLOOKUP(B29,'Test Cases'!$A$6:$J$205,7,FALSE),"Unknown Test ID")) | W29: =IF(B29="","",IFERROR(VLOOKUP(B29,'Test Cases'!$A$6:$J$205,8,FALSE),"Unknown Test ID"))
C30: =IF(B30="","",IFERROR(VLOOKUP(B30,'Test Cases'!$A$6:$J$205,2,FALSE),"Unknown Test ID")) | D30: =IF(B30="","",IFERROR(VLOOKUP(B30,'Test Cases'!$A$6:$J$205,5,FALSE),"Unknown Test ID")) | M30: =IF(A30="","",COUNTIFS('Claim Review'!$A$6:$A$2005,A30,'Claim Review'!$C$6:$C$2005,"<>",'Claim Review'!$G$6:$G$2005,"Wrong citation")+COUNTIFS('Claim Review'!$A$6:$A$2005,A30,'Claim Review'!$C$6:$C$2005,"<>",'Claim Review'!$G$6:$G$2005,"Missing citation")) | N30: =IF(A30="","",COUNTIFS('Claim Review'!$A$6:$A$2005,A30,'Claim Review'!$C$6:$C$2005,"<>",'Claim Review'!$H$6:$H$2005,"Yes")) | O30: =IF(A30="","",COUNTIFS('Claim Review'!$A$6:$A$2005,A30,'Claim Review'!$C$6:$C$2005,"<>")) | P30: =IF(A30="","",COUNTIFS('Claim Review'!$A$6:$A$2005,A30,'Claim Review'!$C$6:$C$2005,"<>",'Claim Review'!$F$6:$F$2005,"Supported")) | Q30: =IF(A30="","",O30-COUNTIFS('Claim Review'!$A$6:$A$2005,A30,'Claim Review'!$C$6:$C$2005,"<>",'Claim Review'!$K$6:$K$2005,"Yes")) | R30: =IF(AND(A30<>"",COUNTIF($A$6:$A$205,A30)=1,COUNTIF('Test Cases'!$A$6:$A$205,B30)=1,I30<>"",J30<>"",OR(K30="Answered",K30="Clarification",K30="Abstained"),X30="Yes",T30<>"",O30>0,Q30=0),P30/MAX(1,O30),"") | S30: =IF(A30="","",IF(AND(J30="",K30=""),"Pending",IF(COUNTIF($A$6:$A$205,A30)<>1,"Duplicate Run ID",IF(COUNTIF('Test Cases'!$A$6:$A$205,B30)<>1,"Check Test ID",IF(K30="Error","FAIL",IF(OR(I30="",J30=""),"Needs evidence / answer",IF(NOT(OR(K30="Answered",K30="Clarification",K30="Abstained")),"Choose outcome",IF(X30<>"Yes","Confirm claim inventory",IF(AND(K30="Answered",O30=0),"Needs claims",IF(Q30>0,"Needs claim review",IF(OR(NOT(OR(L30="Yes",L30="No")),T30=""),"Needs response review",IF(OR(L30="No",M30>0,N30>0,AND(ISNUMBER(R30),R30<Dashboard!$B$5)),"FAIL","PASS")))))))))))) | V30: =IF(B30="","",IFERROR(VLOOKUP(B30,'Test Cases'!$A$6:$J$205,7,FALSE),"Unknown Test ID")) | W30: =IF(B30="","",IFERROR(VLOOKUP(B30,'Test Cases'!$A$6:$J$205,8,FALSE),"Unknown Test ID"))
C31: =IF(B31="","",IFERROR(VLOOKUP(B31,'Test Cases'!$A$6:$J$205,2,FALSE),"Unknown Test ID")) | D31: =IF(B31="","",IFERROR(VLOOKUP(B31,'Test Cases'!$A$6:$J$205,5,FALSE),"Unknown Test ID")) | M31: =IF(A31="","",COUNTIFS('Claim Review'!$A$6:$A$2005,A31,'Claim Review'!$C$6:$C$2005,"<>",'Claim Review'!$G$6:$G$2005,"Wrong citation")+COUNTIFS('Claim Review'!$A$6:$A$2005,A31,'Claim Review'!$C$6:$C$2005,"<>",'Claim Review'!$G$6:$G$2005,"Missing citation")) | N31: =IF(A31="","",COUNTIFS('Claim Review'!$A$6:$A$2005,A31,'Claim Review'!$C$6:$C$2005,"<>",'Claim Review'!$H$6:$H$2005,"Yes")) | O31: =IF(A31="","",COUNTIFS('Claim Review'!$A$6:$A$2005,A31,'Claim Review'!$C$6:$C$2005,"<>")) | P31: =IF(A31="","",COUNTIFS('Claim Review'!$A$6:$A$2005,A31,'Claim Review'!$C$6:$C$2005,"<>",'Claim Review'!$F$6:$F$2005,"Supported")) | Q31: =IF(A31="","",O31-COUNTIFS('Claim Review'!$A$6:$A$2005,A31,'Claim Review'!$C$6:$C$2005,"<>",'Claim Review'!$K$6:$K$2005,"Yes")) | R31: =IF(AND(A31<>"",COUNTIF($A$6:$A$205,A31)=1,COUNTIF('Test Cases'!$A$6:$A$205,B31)=1,I31<>"",J31<>"",OR(K31="Answered",K31="Clarification",K31="Abstained"),X31="Yes",T31<>"",O31>0,Q31=0),P31/MAX(1,O31),"") | S31: =IF(A31="","",IF(AND(J31="",K31=""),"Pending",IF(COUNTIF($A$6:$A$205,A31)<>1,"Duplicate Run ID",IF(COUNTIF('Test Cases'!$A$6:$A$205,B31)<>1,"Check Test ID",IF(K31="Error","FAIL",IF(OR(I31="",J31=""),"Needs evidence / answer",IF(NOT(OR(K31="Answered",K31="Clarification",K31="Abstained")),"Choose outcome",IF(X31<>"Yes","Confirm claim inventory",IF(AND(K31="Answered",O31=0),"Needs claims",IF(Q31>0,"Needs claim review",IF(OR(NOT(OR(L31="Yes",L31="No")),T31=""),"Needs response review",IF(OR(L31="No",M31>0,N31>0,AND(ISNUMBER(R31),R31<Dashboard!$B$5)),"FAIL","PASS")))))))))))) | V31: =IF(B31="","",IFERROR(VLOOKUP(B31,'Test Cases'!$A$6:$J$205,7,FALSE),"Unknown Test ID")) | W31: =IF(B31="","",IFERROR(VLOOKUP(B31,'Test Cases'!$A$6:$J$205,8,FALSE),"Unknown Test ID"))
C32: =IF(B32="","",IFERROR(VLOOKUP(B32,'Test Cases'!$A$6:$J$205,2,FALSE),"Unknown Test ID")) | D32: =IF(B32="","",IFERROR(VLOOKUP(B32,'Test Cases'!$A$6:$J$205,5,FALSE),"Unknown Test ID")) | M32: =IF(A32="","",COUNTIFS('Claim Review'!$A$6:$A$2005,A32,'Claim Review'!$C$6:$C$2005,"<>",'Claim Review'!$G$6:$G$2005,"Wrong citation")+COUNTIFS('Claim Review'!$A$6:$A$2005,A32,'Claim Review'!$C$6:$C$2005,"<>",'Claim Review'!$G$6:$G$2005,"Missing citation")) | N32: =IF(A32="","",COUNTIFS('Claim Review'!$A$6:$A$2005,A32,'Claim Review'!$C$6:$C$2005,"<>",'Claim Review'!$H$6:$H$2005,"Yes")) | O32: =IF(A32="","",COUNTIFS('Claim Review'!$A$6:$A$2005,A32,'Claim Review'!$C$6:$C$2005,"<>")) | P32: =IF(A32="","",COUNTIFS('Claim Review'!$A$6:$A$2005,A32,'Claim Review'!$C$6:$C$2005,"<>",'Claim Review'!$F$6:$F$2005,"Supported")) | Q32: =IF(A32="","",O32-COUNTIFS('Claim Review'!$A$6:$A$2005,A32,'Claim Review'!$C$6:$C$2005,"<>",'Claim Review'!$K$6:$K$2005,"Yes")) | R32: =IF(AND(A32<>"",COUNTIF($A$6:$A$205,A32)=1,COUNTIF('Test Cases'!$A$6:$A$205,B32)=1,I32<>"",J32<>"",OR(K32="Answered",K32="Clarification",K32="Abstained"),X32="Yes",T32<>"",O32>0,Q32=0),P32/MAX(1,O32),"") | S32: =IF(A32="","",IF(AND(J32="",K32=""),"Pending",IF(COUNTIF($A$6:$A$205,A32)<>1,"Duplicate Run ID",IF(COUNTIF('Test Cases'!$A$6:$A$205,B32)<>1,"Check Test ID",IF(K32="Error","FAIL",IF(OR(I32="",J32=""),"Needs evidence / answer",IF(NOT(OR(K32="Answered",K32="Clarification",K32="Abstained")),"Choose outcome",IF(X32<>"Yes","Confirm claim inventory",IF(AND(K32="Answered",O32=0),"Needs claims",IF(Q32>0,"Needs claim review",IF(OR(NOT(OR(L32="Yes",L32="No")),T32=""),"Needs response review",IF(OR(L32="No",M32>0,N32>0,AND(ISNUMBER(R32),R32<Dashboard!$B$5)),"FAIL","PASS")))))))))))) | V32: =IF(B32="","",IFERROR(VLOOKUP(B32,'Test Cases'!$A$6:$J$205,7,FALSE),"Unknown Test ID")) | W32: =IF(B32="","",IFERROR(VLOOKUP(B32,'Test Cases'!$A$6:$J$205,8,FALSE),"Unknown Test ID"))
C33: =IF(B33="","",IFERROR(VLOOKUP(B33,'Test Cases'!$A$6:$J$205,2,FALSE),"Unknown Test ID")) | D33: =IF(B33="","",IFERROR(VLOOKUP(B33,'Test Cases'!$A$6:$J$205,5,FALSE),"Unknown Test ID")) | M33: =IF(A33="","",COUNTIFS('Claim Review'!$A$6:$A$2005,A33,'Claim Review'!$C$6:$C$2005,"<>",'Claim Review'!$G$6:$G$2005,"Wrong citation")+COUNTIFS('Claim Review'!$A$6:$A$2005,A33,'Claim Review'!$C$6:$C$2005,"<>",'Claim Review'!$G$6:$G$2005,"Missing citation")) | N33: =IF(A33="","",COUNTIFS('Claim Review'!$A$6:$A$2005,A33,'Claim Review'!$C$6:$C$2005,"<>",'Claim Review'!$H$6:$H$2005,"Yes")) | O33: =IF(A33="","",COUNTIFS('Claim Review'!$A$6:$A$2005,A33,'Claim Review'!$C$6:$C$2005,"<>")) | P33: =IF(A33="","",COUNTIFS('Claim Review'!$A$6:$A$2005,A33,'Claim Review'!$C$6:$C$2005,"<>",'Claim Review'!$F$6:$F$2005,"Supported")) | Q33: =IF(A33="","",O33-COUNTIFS('Claim Review'!$A$6:$A$2005,A33,'Claim Review'!$C$6:$C$2005,"<>",'Claim Review'!$K$6:$K$2005,"Yes")) | R33: =IF(AND(A33<>"",COUNTIF($A$6:$A$205,A33)=1,COUNTIF('Test Cases'!$A$6:$A$205,B33)=1,I33<>"",J33<>"",OR(K33="Answered",K33="Clarification",K33="Abstained"),X33="Yes",T33<>"",O33>0,Q33=0),P33/MAX(1,O33),"") | S33: =IF(A33="","",IF(AND(J33="",K33=""),"Pending",IF(COUNTIF($A$6:$A$205,A33)<>1,"Duplicate Run ID",IF(COUNTIF('Test Cases'!$A$6:$A$205,B33)<>1,"Check Test ID",IF(K33="Error","FAIL",IF(OR(I33="",J33=""),"Needs evidence / answer",IF(NOT(OR(K33="Answered",K33="Clarification",K33="Abstained")),"Choose outcome",IF(X33<>"Yes","Confirm claim inventory",IF(AND(K33="Answered",O33=0),"Needs claims",IF(Q33>0,"Needs claim review",IF(OR(NOT(OR(L33="Yes",L33="No")),T33=""),"Needs response review",IF(OR(L33="No",M33>0,N33>0,AND(ISNUMBER(R33),R33<Dashboard!$B$5)),"FAIL","PASS")))))))))))) | V33: =IF(B33="","",IFERROR(VLOOKUP(B33,'Test Cases'!$A$6:$J$205,7,FALSE),"Unknown Test ID")) | W33: =IF(B33="","",IFERROR(VLOOKUP(B33,'Test Cases'!$A$6:$J$205,8,FALSE),"Unknown Test ID"))
C34: =IF(B34="","",IFERROR(VLOOKUP(B34,'Test Cases'!$A$6:$J$205,2,FALSE),"Unknown Test ID")) | D34: =IF(B34="","",IFERROR(VLOOKUP(B34,'Test Cases'!$A$6:$J$205,5,FALSE),"Unknown Test ID")) | M34: =IF(A34="","",COUNTIFS('Claim Review'!$A$6:$A$2005,A34,'Claim Review'!$C$6:$C$2005,"<>",'Claim Review'!$G$6:$G$2005,"Wrong citation")+COUNTIFS('Claim Review'!$A$6:$A$2005,A34,'Claim Review'!$C$6:$C$2005,"<>",'Claim Review'!$G$6:$G$2005,"Missing citation")) | N34: =IF(A34="","",COUNTIFS('Claim Review'!$A$6:$A$2005,A34,'Claim Review'!$C$6:$C$2005,"<>",'Claim Review'!$H$6:$H$2005,"Yes")) | O34: =IF(A34="","",COUNTIFS('Claim Review'!$A$6:$A$2005,A34,'Claim Review'!$C$6:$C$2005,"<>")) | P34: =IF(A34="","",COUNTIFS('Claim Review'!$A$6:$A$2005,A34,'Claim Review'!$C$6:$C$2005,"<>",'Claim Review'!$F$6:$F$2005,"Supported")) | Q34: =IF(A34="","",O34-COUNTIFS('Claim Review'!$A$6:$A$2005,A34,'Claim Review'!$C$6:$C$2005,"<>",'Claim Review'!$K$6:$K$2005,"Yes")) | R34: =IF(AND(A34<>"",COUNTIF($A$6:$A$205,A34)=1,COUNTIF('Test Cases'!$A$6:$A$205,B34)=1,I34<>"",J34<>"",OR(K34="Answered",K34="Clarification",K34="Abstained"),X34="Yes",T34<>"",O34>0,Q34=0),P34/MAX(1,O34),"") | S34: =IF(A34="","",IF(AND(J34="",K34=""),"Pending",IF(COUNTIF($A$6:$A$205,A34)<>1,"Duplicate Run ID",IF(COUNTIF('Test Cases'!$A$6:$A$205,B34)<>1,"Check Test ID",IF(K34="Error","FAIL",IF(OR(I34="",J34=""),"Needs evidence / answer",IF(NOT(OR(K34="Answered",K34="Clarification",K34="Abstained")),"Choose outcome",IF(X34<>"Yes","Confirm claim inventory",IF(AND(K34="Answered",O34=0),"Needs claims",IF(Q34>0,"Needs claim review",IF(OR(NOT(OR(L34="Yes",L34="No")),T34=""),"Needs response review",IF(OR(L34="No",M34>0,N34>0,AND(ISNUMBER(R34),R34<Dashboard!$B$5)),"FAIL","PASS")))))))))))) | V34: =IF(B34="","",IFERROR(VLOOKUP(B34,'Test Cases'!$A$6:$J$205,7,FALSE),"Unknown Test ID")) | W34: =IF(B34="","",IFERROR(VLOOKUP(B34,'Test Cases'!$A$6:$J$205,8,FALSE),"Unknown Test ID"))
C35: =IF(B35="","",IFERROR(VLOOKUP(B35,'Test Cases'!$A$6:$J$205,2,FALSE),"Unknown Test ID")) | D35: =IF(B35="","",IFERROR(VLOOKUP(B35,'Test Cases'!$A$6:$J$205,5,FALSE),"Unknown Test ID")) | M35: =IF(A35="","",COUNTIFS('Claim Review'!$A$6:$A$2005,A35,'Claim Review'!$C$6:$C$2005,"<>",'Claim Review'!$G$6:$G$2005,"Wrong citation")+COUNTIFS('Claim Review'!$A$6:$A$2005,A35,'Claim Review'!$C$6:$C$2005,"<>",'Claim Review'!$G$6:$G$2005,"Missing citation")) | N35: =IF(A35="","",COUNTIFS('Claim Review'!$A$6:$A$2005,A35,'Claim Review'!$C$6:$C$2005,"<>",'Claim Review'!$H$6:$H$2005,"Yes")) | O35: =IF(A35="","",COUNTIFS('Claim Review'!$A$6:$A$2005,A35,'Claim Review'!$C$6:$C$2005,"<>")) | P35: =IF(A35="","",COUNTIFS('Claim Review'!$A$6:$A$2005,A35,'Claim Review'!$C$6:$C$2005,"<>",'Claim Review'!$F$6:$F$2005,"Supported")) | Q35: =IF(A35="","",O35-COUNTIFS('Claim Review'!$A$6:$A$2005,A35,'Claim Review'!$C$6:$C$2005,"<>",'Claim Review'!$K$6:$K$2005,"Yes")) | R35: =IF(AND(A35<>"",COUNTIF($A$6:$A$205,A35)=1,COUNTIF('Test Cases'!$A$6:$A$205,B35)=1,I35<>"",J35<>"",OR(K35="Answered",K35="Clarification",K35="Abstained"),X35="Yes",T35<>"",O35>0,Q35=0),P35/MAX(1,O35),"") | S35: =IF(A35="","",IF(AND(J35="",K35=""),"Pending",IF(COUNTIF($A$6:$A$205,A35)<>1,"Duplicate Run ID",IF(COUNTIF('Test Cases'!$A$6:$A$205,B35)<>1,"Check Test ID",IF(K35="Error","FAIL",IF(OR(I35="",J35=""),"Needs evidence / answer",IF(NOT(OR(K35="Answered",K35="Clarification",K35="Abstained")),"Choose outcome",IF(X35<>"Yes","Confirm claim inventory",IF(AND(K35="Answered",O35=0),"Needs claims",IF(Q35>0,"Needs claim review",IF(OR(NOT(OR(L35="Yes",L35="No")),T35=""),"Needs response review",IF(OR(L35="No",M35>0,N35>0,AND(ISNUMBER(R35),R35<Dashboard!$B$5)),"FAIL","PASS")))))))))))) | V35: =IF(B35="","",IFERROR(VLOOKUP(B35,'Test Cases'!$A$6:$J$205,7,FALSE),"Unknown Test ID")) | W35: =IF(B35="","",IFERROR(VLOOKUP(B35,'Test Cases'!$A$6:$J$205,8,FALSE),"Unknown Test ID"))
C36: =IF(B36="","",IFERROR(VLOOKUP(B36,'Test Cases'!$A$6:$J$205,2,FALSE),"Unknown Test ID")) | D36: =IF(B36="","",IFERROR(VLOOKUP(B36,'Test Cases'!$A$6:$J$205,5,FALSE),"Unknown Test ID")) | M36: =IF(A36="","",COUNTIFS('Claim Review'!$A$6:$A$2005,A36,'Claim Review'!$C$6:$C$2005,"<>",'Claim Review'!$G$6:$G$2005,"Wrong citation")+COUNTIFS('Claim Review'!$A$6:$A$2005,A36,'Claim Review'!$C$6:$C$2005,"<>",'Claim Review'!$G$6:$G$2005,"Missing citation")) | N36: =IF(A36="","",COUNTIFS('Claim Review'!$A$6:$A$2005,A36,'Claim Review'!$C$6:$C$2005,"<>",'Claim Review'!$H$6:$H$2005,"Yes")) | O36: =IF(A36="","",COUNTIFS('Claim Review'!$A$6:$A$2005,A36,'Claim Review'!$C$6:$C$2005,"<>")) | P36: =IF(A36="","",COUNTIFS('Claim Review'!$A$6:$A$2005,A36,'Claim Review'!$C$6:$C$2005,"<>",'Claim Review'!$F$6:$F$2005,"Supported")) | Q36: =IF(A36="","",O36-COUNTIFS('Claim Review'!$A$6:$A$2005,A36,'Claim Review'!$C$6:$C$2005,"<>",'Claim Review'!$K$6:$K$2005,"Yes")) | R36: =IF(AND(A36<>"",COUNTIF($A$6:$A$205,A36)=1,COUNTIF('Test Cases'!$A$6:$A$205,B36)=1,I36<>"",J36<>"",OR(K36="Answered",K36="Clarification",K36="Abstained"),X36="Yes",T36<>"",O36>0,Q36=0),P36/MAX(1,O36),"") | S36: =IF(A36="","",IF(AND(J36="",K36=""),"Pending",IF(COUNTIF($A$6:$A$205,A36)<>1,"Duplicate Run ID",IF(COUNTIF('Test Cases'!$A$6:$A$205,B36)<>1,"Check Test ID",IF(K36="Error","FAIL",IF(OR(I36="",J36=""),"Needs evidence / answer",IF(NOT(OR(K36="Answered",K36="Clarification",K36="Abstained")),"Choose outcome",IF(X36<>"Yes","Confirm claim inventory",IF(AND(K36="Answered",O36=0),"Needs claims",IF(Q36>0,"Needs claim review",IF(OR(NOT(OR(L36="Yes",L36="No")),T36=""),"Needs response review",IF(OR(L36="No",M36>0,N36>0,AND(ISNUMBER(R36),R36<Dashboard!$B$5)),"FAIL","PASS")))))))))))) | V36: =IF(B36="","",IFERROR(VLOOKUP(B36,'Test Cases'!$A$6:$J$205,7,FALSE),"Unknown Test ID")) | W36: =IF(B36="","",IFERROR(VLOOKUP(B36,'Test Cases'!$A$6:$J$205,8,FALSE),"Unknown Test ID"))
C37: =IF(B37="","",IFERROR(VLOOKUP(B37,'Test Cases'!$A$6:$J$205,2,FALSE),"Unknown Test ID")) | D37: =IF(B37="","",IFERROR(VLOOKUP(B37,'Test Cases'!$A$6:$J$205,5,FALSE),"Unknown Test ID")) | M37: =IF(A37="","",COUNTIFS('Claim Review'!$A$6:$A$2005,A37,'Claim Review'!$C$6:$C$2005,"<>",'Claim Review'!$G$6:$G$2005,"Wrong citation")+COUNTIFS('Claim Review'!$A$6:$A$2005,A37,'Claim Review'!$C$6:$C$2005,"<>",'Claim Review'!$G$6:$G$2005,"Missing citation")) | N37: =IF(A37="","",COUNTIFS('Claim Review'!$A$6:$A$2005,A37,'Claim Review'!$C$6:$C$2005,"<>",'Claim Review'!$H$6:$H$2005,"Yes")) | O37: =IF(A37="","",COUNTIFS('Claim Review'!$A$6:$A$2005,A37,'Claim Review'!$C$6:$C$2005,"<>")) | P37: =IF(A37="","",COUNTIFS('Claim Review'!$A$6:$A$2005,A37,'Claim Review'!$C$6:$C$2005,"<>",'Claim Review'!$F$6:$F$2005,"Supported")) | Q37: =IF(A37="","",O37-COUNTIFS('Claim Review'!$A$6:$A$2005,A37,'Claim Review'!$C$6:$C$2005,"<>",'Claim Review'!$K$6:$K$2005,"Yes")) | R37: =IF(AND(A37<>"",COUNTIF($A$6:$A$205,A37)=1,COUNTIF('Test Cases'!$A$6:$A$205,B37)=1,I37<>"",J37<>"",OR(K37="Answered",K37="Clarification",K37="Abstained"),X37="Yes",T37<>"",O37>0,Q37=0),P37/MAX(1,O37),"") | S37: =IF(A37="","",IF(AND(J37="",K37=""),"Pending",IF(COUNTIF($A$6:$A$205,A37)<>1,"Duplicate Run ID",IF(COUNTIF('Test Cases'!$A$6:$A$205,B37)<>1,"Check Test ID",IF(K37="Error","FAIL",IF(OR(I37="",J37=""),"Needs evidence / answer",IF(NOT(OR(K37="Answered",K37="Clarification",K37="Abstained")),"Choose outcome",IF(X37<>"Yes","Confirm claim inventory",IF(AND(K37="Answered",O37=0),"Needs claims",IF(Q37>0,"Needs claim review",IF(OR(NOT(OR(L37="Yes",L37="No")),T37=""),"Needs response review",IF(OR(L37="No",M37>0,N37>0,AND(ISNUMBER(R37),R37<Dashboard!$B$5)),"FAIL","PASS")))))))))))) | V37: =IF(B37="","",IFERROR(VLOOKUP(B37,'Test Cases'!$A$6:$J$205,7,FALSE),"Unknown Test ID")) | W37: =IF(B37="","",IFERROR(VLOOKUP(B37,'Test Cases'!$A$6:$J$205,8,FALSE),"Unknown Test ID"))
... C205: =IF(B205="","",IFERROR(VLOOKUP(B205,'Test Cases'!$A$6:$J$205,2,FALSE),"Unknown Test ID")) | D205: =IF(B205="","",IFERROR(VLOOKUP(B205,'Test Cases'!$A$6:$J$205,5,FALSE),"Unknown Test ID")) | M205: =IF(A205="","",COUNTIFS('Claim Review'!$A$6:$A$2005,A205,'Claim Review'!$C$6:$C$2005,"<>",'Claim Review'!$G$6:$G$2005,"Wrong citation")+COUNTIFS('Claim Review'!$A$6:$A$2005,A205,'Claim Review'!$C$6:$C$2005,"<>",'Claim Review'!$G$6:$G$2005,"Missing citation")) | N205: =IF(A205="","",COUNTIFS('Claim Review'!$A$6:$A$2005,A205,'Claim Review'!$C$6:$C$2005,"<>",'Claim Review'!$H$6:$H$2005,"Yes")) | O205: =IF(A205="","",COUNTIFS('Claim Review'!$A$6:$A$2005,A205,'Claim Review'!$C$6:$C$2005,"<>")) | P205: =IF(A205="","",COUNTIFS('Claim Review'!$A$6:$A$2005,A205,'Claim Review'!$C$6:$C$2005,"<>",'Claim Review'!$F$6:$F$2005,"Supported")) | Q205: =IF(A205="","",O205-COUNTIFS('Claim Review'!$A$6:$A$2005,A205,'Claim Review'!$C$6:$C$2005,"<>",'Claim Review'!$K$6:$K$2005,"Yes")) | R205: =IF(AND(A205<>"",COUNTIF($A$6:$A$205,A205)=1,COUNTIF('Test Cases'!$A$6:$A$205,B205)=1,I205<>"",J205<>"",OR(K205="Answered",K205="Clarification",K205="Abstained"),X205="Yes",T205<>"",O205>0,Q205=0),P205/MAX(1,O205),"") | S205: =IF(A205="","",IF(AND(J205="",K205=""),"Pending",IF(COUNTIF($A$6:$A$205,A205)<>1,"Duplicate Run ID",IF(COUNTIF('Test Cases'!$A$6:$A$205,B205)<>1,"Check Test ID",IF(K205="Error","FAIL",IF(OR(I205="",J205=""),"Needs evidence / answer",IF(NOT(OR(K205="Answered",K205="Clarification",K205="Abstained")),"Choose outcome",IF(X205<>"Yes","Confirm claim inventory",IF(AND(K205="Answered",O205=0),"Needs claims",IF(Q205>0,"Needs claim review",IF(OR(NOT(OR(L205="Yes",L205="No")),T205=""),"Needs response review",IF(OR(L205="No",M205>0,N205>0,AND(ISNUMBER(R205),R205<Dashboard!$B$5)),"FAIL","PASS")))))))))))) | V205: =IF(B205="","",IFERROR(VLOOKUP(B205,'Test Cases'!$A$6:$J$205,7,FALSE),"Unknown Test ID")) | W205: =IF(B205="","",IFERROR(VLOOKUP(B205,'Test Cases'!$A$6:$J$205,8,FALSE),"Unknown Test ID"))

Sheet Claim Review
A1: Claim review | One factual claim per row
A2: Use the Run ID from Responses. Judge faithfulness against saved retrieved context; judge citation support against the specific cited source. Complete all verdicts and reviewer.
A5: Run ID | B5: Claim ID | C5: Atomic claim / action plus conditions | D5: Cited source IDs | E5: Exact supporting excerpt from retrieved evidence | F5: Faithfulness verdict | G5: Citation verdict | H5: Critical error? | I5: Reviewer | J5: Notes / correction | K5: Review complete
K6: =IF(OR(A6="",C6=""),"",IF(AND(COUNTIF(Responses!$A$6:$A$205,A6)=1,B6<>"",COUNTIFS($A$6:$A$2005,A6,$B$6:$B$2005,B6)=1,OR(F6="Supported",F6="Unsupported",F6="Contradicted"),OR(G6="Supported",G6="Wrong citation",G6="Missing citation"),OR(H6="Yes",H6="No"),I6<>"",OR(F6<>"Supported",E6<>""),OR(G6<>"Supported",AND(F6="Supported",D6<>"",E6<>""))),"Yes","No"))
K7: =IF(OR(A7="",C7=""),"",IF(AND(COUNTIF(Responses!$A$6:$A$205,A7)=1,B7<>"",COUNTIFS($A$6:$A$2005,A7,$B$6:$B$2005,B7)=1,OR(F7="Supported",F7="Unsupported",F7="Contradicted"),OR(G7="Supported",G7="Wrong citation",G7="Missing citation"),OR(H7="Yes",H7="No"),I7<>"",OR(F7<>"Supported",E7<>""),OR(G7<>"Supported",AND(F7="Supported",D7<>"",E7<>""))),"Yes","No"))
K8: =IF(OR(A8="",C8=""),"",IF(AND(COUNTIF(Responses!$A$6:$A$205,A8)=1,B8<>"",COUNTIFS($A$6:$A$2005,A8,$B$6:$B$2005,B8)=1,OR(F8="Supported",F8="Unsupported",F8="Contradicted"),OR(G8="Supported",G8="Wrong citation",G8="Missing citation"),OR(H8="Yes",H8="No"),I8<>"",OR(F8<>"Supported",E8<>""),OR(G8<>"Supported",AND(F8="Supported",D8<>"",E8<>""))),"Yes","No"))
K9: =IF(OR(A9="",C9=""),"",IF(AND(COUNTIF(Responses!$A$6:$A$205,A9)=1,B9<>"",COUNTIFS($A$6:$A$2005,A9,$B$6:$B$2005,B9)=1,OR(F9="Supported",F9="Unsupported",F9="Contradicted"),OR(G9="Supported",G9="Wrong citation",G9="Missing citation"),OR(H9="Yes",H9="No"),I9<>"",OR(F9<>"Supported",E9<>""),OR(G9<>"Supported",AND(F9="Supported",D9<>"",E9<>""))),"Yes","No"))
K10: =IF(OR(A10="",C10=""),"",IF(AND(COUNTIF(Responses!$A$6:$A$205,A10)=1,B10<>"",COUNTIFS($A$6:$A$2005,A10,$B$6:$B$2005,B10)=1,OR(F10="Supported",F10="Unsupported",F10="Contradicted"),OR(G10="Supported",G10="Wrong citation",G10="Missing citation"),OR(H10="Yes",H10="No"),I10<>"",OR(F10<>"Supported",E10<>""),OR(G10<>"Supported",AND(F10="Supported",D10<>"",E10<>""))),"Yes","No"))
K11: =IF(OR(A11="",C11=""),"",IF(AND(COUNTIF(Responses!$A$6:$A$205,A11)=1,B11<>"",COUNTIFS($A$6:$A$2005,A11,$B$6:$B$2005,B11)=1,OR(F11="Supported",F11="Unsupported",F11="Contradicted"),OR(G11="Supported",G11="Wrong citation",G11="Missing citation"),OR(H11="Yes",H11="No"),I11<>"",OR(F11<>"Supported",E11<>""),OR(G11<>"Supported",AND(F11="Supported",D11<>"",E11<>""))),"Yes","No"))
K12: =IF(OR(A12="",C12=""),"",IF(AND(COUNTIF(Responses!$A$6:$A$205,A12)=1,B12<>"",COUNTIFS($A$6:$A$2005,A12,$B$6:$B$2005,B12)=1,OR(F12="Supported",F12="Unsupported",F12="Contradicted"),OR(G12="Supported",G12="Wrong citation",G12="Missing citation"),OR(H12="Yes",H12="No"),I12<>"",OR(F12<>"Supported",E12<>""),OR(G12<>"Supported",AND(F12="Supported",D12<>"",E12<>""))),"Yes","No"))
K13: =IF(OR(A13="",C13=""),"",IF(AND(COUNTIF(Responses!$A$6:$A$205,A13)=1,B13<>"",COUNTIFS($A$6:$A$2005,A13,$B$6:$B$2005,B13)=1,OR(F13="Supported",F13="Unsupported",F13="Contradicted"),OR(G13="Supported",G13="Wrong citation",G13="Missing citation"),OR(H13="Yes",H13="No"),I13<>"",OR(F13<>"Supported",E13<>""),OR(G13<>"Supported",AND(F13="Supported",D13<>"",E13<>""))),"Yes","No"))
K14: =IF(OR(A14="",C14=""),"",IF(AND(COUNTIF(Responses!$A$6:$A$205,A14)=1,B14<>"",COUNTIFS($A$6:$A$2005,A14,$B$6:$B$2005,B14)=1,OR(F14="Supported",F14="Unsupported",F14="Contradicted"),OR(G14="Supported",G14="Wrong citation",G14="Missing citation"),OR(H14="Yes",H14="No"),I14<>"",OR(F14<>"Supported",E14<>""),OR(G14<>"Supported",AND(F14="Supported",D14<>"",E14<>""))),"Yes","No"))
K15: =IF(OR(A15="",C15=""),"",IF(AND(COUNTIF(Responses!$A$6:$A$205,A15)=1,B15<>"",COUNTIFS($A$6:$A$2005,A15,$B$6:$B$2005,B15)=1,OR(F15="Supported",F15="Unsupported",F15="Contradicted"),OR(G15="Supported",G15="Wrong citation",G15="Missing citation"),OR(H15="Yes",H15="No"),I15<>"",OR(F15<>"Supported",E15<>""),OR(G15<>"Supported",AND(F15="Supported",D15<>"",E15<>""))),"Yes","No"))
K16: =IF(OR(A16="",C16=""),"",IF(AND(COUNTIF(Responses!$A$6:$A$205,A16)=1,B16<>"",COUNTIFS($A$6:$A$2005,A16,$B$6:$B$2005,B16)=1,OR(F16="Supported",F16="Unsupported",F16="Contradicted"),OR(G16="Supported",G16="Wrong citation",G16="Missing citation"),OR(H16="Yes",H16="No"),I16<>"",OR(F16<>"Supported",E16<>""),OR(G16<>"Supported",AND(F16="Supported",D16<>"",E16<>""))),"Yes","No"))
K17: =IF(OR(A17="",C17=""),"",IF(AND(COUNTIF(Responses!$A$6:$A$205,A17)=1,B17<>"",COUNTIFS($A$6:$A$2005,A17,$B$6:$B$2005,B17)=1,OR(F17="Supported",F17="Unsupported",F17="Contradicted"),OR(G17="Supported",G17="Wrong citation",G17="Missing citation"),OR(H17="Yes",H17="No"),I17<>"",OR(F17<>"Supported",E17<>""),OR(G17<>"Supported",AND(F17="Supported",D17<>"",E17<>""))),"Yes","No"))
... K2005: =IF(OR(A2005="",C2005=""),"",IF(AND(COUNTIF(Responses!$A$6:$A$205,A2005)=1,B2005<>"",COUNTIFS($A$6:$A$2005,A2005,$B$6:$B$2005,B2005)=1,OR(F2005="Supported",F2005="Unsupported",F2005="Contradicted"),OR(G2005="Supported",G2005="Wrong citation",G2005="Missing citation"),OR(H2005="Yes",H2005="No"),I2005<>"",OR(F2005<>"Supported",E2005<>""),OR(G2005<>"Supported",AND(F2005="Supported",D2005<>"",E2005<>""))),"Yes","No"))

Sheet Runbook Reference
A1: Runbook reference | Source snapshots
A2: These are local corpus snapshots, not evidence automatically retrieved by n8n. For faithfulness scoring, use the actual retrieved text saved with each response.
A5: Runbook ID | B5: Filename | C5: GitHub source | D5: File blob SHA | E5: Snapshot text
A6: RB-001 | B6: RB-001-payments-api-5xx.md | C6: Open GitHub runbook | D6: 890cef5ed6ba7419d0bf473da71da02e4699e043 | E6: # RB-001: Elevated 5xx errors on the /charge endpoint **Service:** payments-api | **Owner:** payments team | **Typical severity:** SEV2 (SEV1 if >50% of charges failing) ## Symptoms - Alert: "payments-api 5xx rate above 5% for 5 minutes" - Logs show "502 upstream prematurely closed connection" and "stripe request timeout after 3000ms" - Checkout failures rise in proportion to the error rate ## First checks 1. `kubectl rollout status deploy/payments-api -n prod` and `kubectl get pods -n prod -l app=payments-api` 2. Was there a deploy in the last 30 minutes? Check the deploy feed first. 3. Check status.stripe.com for an active Stripe incident. 4. Look at the orders DB connection pool (see RB-009 if saturated). ## Diagnosis - Errors started within 10 minutes of a deploy: assume bad release until proven otherwise. - Only /charge failing and Stripe status degraded: downstream provider issue, not us. - 503s with "no healthy upstream": connection pool or target pod problem. ## Remediation 1. Bad deploy: `kubectl rollout undo deploy/payments-api -n prod` 2. Stripe degraded: enable queued-charge mode (`payments.queue_mode=true`) so charges retry asynchronously instead of failing at checkout. 3. Pool saturation: follow RB-009. ## Escalation Escalate to the payments on-call lead if the error rate is above 20% or not resolved within 15 minutes. Declare SEV1 if more than 50% of charges are failing. ## After resolution Confirm the error rate stays below 0.5% for 15 minutes before closing the incident.
A7: RB-002 | B7: RB-002-payments-api-webhook-backlog.md | C7: Open GitHub runbook | D7: bad120bfad6ac937ccf8fd6a946c113c4ba7abd5 | E7: # RB-002: Webhook delivery backlog **Service:** payments-api | **Owner:** payments team | **Typical severity:** SEV3 (SEV2 if backlog > 50,000) ## Symptoms - Queue "webhooks-inbound" depth above 10,000 and rising - Consumer lag growing; downstream order and inventory states go stale - Logs show "delivery attempt 8 failed, moving to DLQ" ## First checks 1. `kubectl get pods -n prod -l app=webhook-consumer` - look for CrashLoopBackOff 2. Check whether the same message_id is stuck at the head of the queue (poison message) 3. Check the downstream endpoint's own error rate ## Diagnosis - Consumer crash-looping: usually a bad deploy or a config change. - One message retried forever: poison message blocking the partition. - Downstream endpoint returning 500s: fix the downstream service first, not the consumer. ## Remediation 1. Fix or roll back the consumer deploy. 2. Move the poison message to the DLQ manually, note its message_id in the incident timeline. 3. Scale consumers: `kubectl scale deploy/webhook-consumer -n prod --replicas=6` 4. Replay the DLQ only after the root cause is fixed. Webhook handlers are idempotent on event_id - verify the consumer checks event_id before replaying. ## Escalation SEV2 if the backlog exceeds 50,000 or customer-visible order states are wrong.
A8: RB-003 | B8: RB-003-auth-service-sso-failures.md | C8: Open GitHub runbook | D8: 3526e8286a8eb4d63616e044a34a7288c834c52c | E8: # RB-003: SSO login failure spike **Service:** auth-service | **Owner:** identity team | **Typical severity:** SEV1 if all SSO logins fail ## Symptoms - Login success rate below 90% - Errors: "SAML signature validation failed" and "OIDC discovery document fetch failed" ## First checks 1. Fetch the IdP discovery document: `curl https://idp.example.com/.well-known/openid-configuration` 2. Compare the IdP signing certificate fingerprint against the configured metadata. 3. Check node clock drift: `chronyc tracking` - drift above 30 seconds breaks token validation. ## Diagnosis - Most common cause: the IdP rotated its signing certificate and our cached metadata is stale. - Discovery fetch failing: IdP outage or a network/DNS change on our side. - Signature failures plus clock drift: fix NTP before touching metadata. ## Remediation 1. Refresh IdP metadata from the admin console: Identity Providers -> Reload metadata. 2. Clear cached keys: `kubectl rollout restart deploy/auth-service -n prod` 3. If the IdP is down, post the status page notice and wait - do not bypass signature checks. ## Escalation SEV1 if all SSO logins are failing (workforce lockout). Page the identity on-call lead immediately.
A9: RB-004 | B9: RB-004-auth-service-mfa-push.md | C9: Open GitHub runbook | D9: 1efaab7de77c93217a6a43af07cc2098ace0dff5 | E9: # RB-004: MFA push delivery degraded **Service:** auth-service | **Owner:** identity team | **Typical severity:** SEV3 (SEV2 if >30 minutes) ## Symptoms - Push approval latency above 60 seconds, or failures with "push token revoked" - Users report not receiving MFA prompts ## First checks 1. Check the push vendor status page (APNs/FCM relay provider). 2. Token revocation rate split by platform: iOS vs Android. 3. Confirm TOTP (authenticator app) logins are unaffected. ## Diagnosis - One platform only: platform gateway or vendor-side issue. - Both platforms: our notification service or vendor account throttling. ## Remediation 1. Advise users to fall back to authenticator app (TOTP) codes - use the comms template in the incident channel. 2. If single-platform, open a vendor ticket with sample device tokens and timestamps. 3. Never disable or weaken MFA to "fix" delivery problems. ## Escalation Identity lead plus a vendor P1 ticket if degradation lasts more than 30 minutes or blocks a SEV1/SEV2 response.
A10: RB-005 | B10: RB-005-search-index-rebuild.md | C10: Open GitHub runbook | D10: fbe506d6256fd5924617613a90c46a32d8b76f31 | E10: # RB-005: Search index rebuild stalled **Service:** search | **Owner:** platform team | **Typical severity:** SEV3 (SEV2 if customer-facing results stale > 2 hours) ## Symptoms - Nightly job "indexer-nightly" stuck, shard progress frozen - Error "mapper_parsing_exception" in indexer logs, or a data node above 85% disk ## First checks 1. Disk usage per data node; indexing halts at the high watermark. 2. Indexer logs for "mapper_parsing_exception" - a field arrived with a conflicting type. 3. GC pause times on data nodes. ## Diagnosis - Disk above watermark: snapshots or old indices consuming space. - Mapping exception: a producer started sending a field with a new type. - Progress frozen with healthy disk: long GC or a hung shard task. ## Remediation 1. Delete snapshots beyond retention; delete closed indices older than 90 days. 2. Fix the mapping for the offending field, or route that field to a quarantine index. 3. Resume the job from its checkpoint: `indexer-nightly --resume-from-shard` 4. If users also report worse results, check the last search deploy for analyzer changes before blaming the index. ## Escalation Platform on-call lead if customer-facing search results are stale for more than 2 hours.
A11: RB-006 | B11: RB-006-checkout-latency.md | C11: Open GitHub runbook | D11: c5c9e2f7c95d9a79931be96bfef50dc06ccbe70d | E11: # RB-006: Checkout latency regression after deploy **Service:** checkout | **Owner:** growth team | **Typical severity:** SEV2 if conversion impact confirmed ## Symptoms - Checkout p99 latency above 2.5s against a 900ms baseline - APM traces show time concentrated in promo validation or the inventory call ## First checks 1. APM waterfall for a slow trace: which span eats the time? 2. Was "checkout_v2" enabled in the last deploy? 3. Check for N+1 query patterns in cart service database calls. ## Diagnosis - Promo validation called synchronously per cart item: known regression pattern from the v2 flag. - Cache bypass header set by the new frontend build: every request hits origin services. - DB time dominant: hand off to RB-009. ## Remediation 1. Disable the flag: `checkout_v2=false` - instant rollback, no deploy needed. 2. Enable async promo validation: `promo.async_validation=true` 3. Verify p99 below 1.2s for 10 minutes before closing. ## Escalation Growth team lead. SEV2 if analytics confirms a conversion drop.
A12: RB-007 | B12: RB-007-notifications-queue-backlog.md | C12: Open GitHub runbook | D12: 97c0f8c240bae7e2cd618307f46cad264bb24e5b | E12: # RB-007: Email and SMS queue backlog **Service:** notifications | **Owner:** platform team | **Typical severity:** SEV3 (SEV2 if OTP/password-reset mail delayed > 15 min) ## Symptoms - Email queue depth rising, send latency above 10 minutes - Provider returns "429 provider rate limit exceeded" ## First checks 1. Split queue depth: transactional vs marketing. A campaign burst sharing the queue is the usual cause. 2. Worker replica count vs the autoscaling cap. 3. Provider rate limit status for our account. ## Diagnosis - Marketing burst: a campaign send flooded the shared queue. - Workers at cap with steady traffic: genuine capacity ceiling. - 429s at low volume: provider-side throttling or account limit change. ## Remediation 1. Prioritize the "notifications-transactional" queue - OTP and password resets go first. 2. Raise worker replicas up to the max of 20. 3. Pause campaign sends: `campaigns.paused=true` 4. Never drop transactional messages to clear a backlog. ## Escalation If password-reset or OTP mail is delayed more than 15 minutes this becomes auth-impacting - raise to SEV2 and cross-reference RB-004.
A13: RB-008 | B13: RB-008-database-replication-lag.md | C13: Open GitHub runbook | D13: 92c18f85686dd32122b73bc015be4205647d5df6 | E13: # RB-008: Database replication lag on primary **Service:** database-primary | **Owner:** platform (DB) team | **Typical severity:** SEV2 (SEV1 if lag > 300s with unhealthy primary) ## Symptoms - Replica lag above 30 seconds and climbing in pg_stat_replication - Read-your-write complaints from application teams ## First checks 1. `SELECT pid, application_name, now() - xact_start AS xact_age FROM pg_stat_activity ORDER BY xact_age DESC;` 2. Identify bulk jobs by application_name - backfills are the usual blocker. 3. Replica disk I/O utilisation. ## Diagnosis - One long transaction on the primary: replica replay is blocked behind it. - Backfill job running during peak: contention, not failure. - Replica disk saturated: replay cannot keep up even with a healthy primary. ## Remediation 1. With incident commander approval, terminate the blocking backfill: `SELECT pg_terminate_backend(<pid>);` 2. Throttle or pause batch jobs until lag drains below 5 seconds. 3. Controlled failover only if the primary is genuinely failing AND lag is under 10 seconds. 4. Never promote a replica with lag above 300 seconds without data-loss sign-off from the DB lead. ## Escalation SEV1 if lag exceeds 300 seconds with an unhealthy primary. Page the DB lead.
A14: RB-009 | B14: RB-009-database-connection-pool.md | C14: Open GitHub runbook | D14: f57b63acfccacbf1af64e44c41303ec78d171fe8 | E14: # RB-009: Connection pool exhaustion **Service:** database-primary | **Owner:** platform (DB) team | **Typical severity:** SEV2 ## Symptoms - Application errors: "FATAL: remaining connection slots are reserved for non-replication superuser connections" - PgBouncer client wait queue growing ## First checks 1. `SELECT application_name, state, count(*) FROM pg_stat_activity GROUP BY 1, 2 ORDER BY 3 DESC;` 2. PgBouncer: `SHOW POOLS;` - look at cl_waiting. 3. Sessions stuck in "idle in transaction" point at a leaking deploy. ## Diagnosis - One application_name dominating with idle-in-transaction sessions: connection leak in a recent deploy. - All apps up evenly: genuine load growth or a batch job. - Pooler queue up but DB sessions low: pool size misconfigured after a deploy. ## Remediation 1. Restart the pooler to clear leaked sessions: `systemctl restart pgbouncer` 2. Roll back the leaking deploy; the leak, not the pool size, is the bug. 3. Temporary pool_size increase of 25% is allowed only if DB CPU is below 60%. ## Escalation DB lead if it recurs twice in 24 hours - that is a leak hunt, treat as SEV2.
A15: RB-010 | B15: RB-010-cdn-edge-503.md | C15: Open GitHub runbook | D15: 7577d5e1b3e100e6e825517ae10aad07f9d282e5 | E15: # RB-010: CDN cache hit ratio drop and edge 503s **Service:** cdn-edge | **Owner:** platform team | **Typical severity:** SEV2 if origin is saturating ## Symptoms - Cache hit ratio below 70% against a 92% baseline - Origin traffic roughly 3x normal; scattered 503s by POP after a config push ## First checks 1. Hit ratio split by POP and by path - global or localized? 2. Was there a CDN config push or a full purge in the last hour? 3. Origin response codes and origin CPU. ## Diagnosis - Cache key changed to include the session cookie: every user becomes a unique cache entry. - Full purge during peak: self-inflicted origin stampede. - One POP only: bad config version on that POP or an origin shield misroute. ## Remediation 1. Roll back the CDN config to the previous known-good version. 2. Enable origin shield and request coalescing to protect the origin. 3. Re-warm the top 500 URLs after rollback. 4. Disable scheduled purges until the root cause is confirmed. ## Escalation SEV2 if the origin is saturating. Protect the origin first, investigate second.
A16: RB-011 | B16: RB-011-inventory-stock-sync.md | C16: Open GitHub runbook | D16: aa1dbbb7a9638f6a6c686e405c18931a991db977 | E16: # RB-011: Stock sync failures and oversell alerts **Service:** inventory | **Owner:** growth team | **Typical severity:** SEV2 while oversell is active ## Symptoms - Stock sync job failing; oversell alerts on high-velocity SKUs - Errors: "deadlock detected on sku_locks", or the feed file is missing the column "warehouse_id" ## First checks 1. Is more than one sync run executing at once? Overlapping runs deadlock each other. 2. Diff the latest warehouse feed file against the expected schema. 3. Check whether the batch repricing job is running concurrently. ## Diagnosis - Missing "warehouse_id" column: the warehouse changed the feed schema without notice. - Deadlocks with overlapping runs: scheduling collision, not bad data. - Deadlocks with repricing: lock ordering conflict between the two jobs. ## Remediation 1. Stop extra sync runs; rerun a single sync in idempotent reconcile mode: `stock-sync --mode=reconcile` 2. Reconcile counts for affected SKUs from the latest warehouse snapshot. 3. For oversold orders, follow the customer outreach macro - do not hand-edit stock counts outside reconcile mode. ## Escalation SEV2 while oversell is active (customer-facing). Notify growth and support leads.
A17: RB-012 | B17: RB-012-severity-and-escalation-guide.md | C17: Open GitHub runbook | D17: c0e06b62c6f0048e9a10d30f5a5aab29724d5bc0 | E17: # RB-012: Severity definitions and escalation guide **Service:** all | **Owner:** infrastructure operations | **Applies to:** every incident ## Severity definitions and response targets - **SEV1:** Customer-facing outage or data-loss risk. Acknowledge within 5 minutes. Incident commander required. Stakeholder updates every 30 minutes. - **SEV2:** Major degradation of a customer-facing service. Acknowledge within 15 minutes. Updates hourly. - **SEV3:** Minor degradation with a workaround available. Acknowledge within 60 minutes. - **SEV4:** No customer impact. Acknowledge within 240 minutes; next business day is acceptable. ## Declaring and downgrading - Any on-call engineer can declare a SEV1 or SEV2. - Only the incident commander can downgrade a severity. - When in doubt between two levels, declare the higher one - downgrading is cheap, under-declaring is not. ## Escalation chain Service owner -> team on-call lead -> engineering manager -> director of infrastructure. Page the next level if the current level has not engaged within the ack target for the severity. ## Communications and follow-up - Status page updates are mandatory for SEV1 and SEV2. - A blameless postmortem is required for every SEV1 and SEV2 within 3 business days, owned by the incident commander.

Sheet Worked Example
A1: Worked example | Illustration only
A2: These sample scores demonstrate the math. They are NOT chatbot results and are excluded from the Dashboard. Check this sheet after importing into Google Sheets.
A5: Illustration | B5: Supported claims | C5: Total claims | D5: Faithfulness | E5: Interpretation
A6: One unsupported claim | B6: 9 | C6: 10 | D6: =IF(C6=0,"N/A",B6/C6) -> 0.9 | E6: 90% is below perfect; inspect what was unsupported.
A7: All claims supported | B7: 4 | C7: 4 | D7: =IF(C7=0,"N/A",B7/C7) -> 1 | E7: 100% for this illustrative answer only.
A8: No factual claims | B8: 0 | C8: 0 | D8: =IF(C8=0,"N/A",B8/C8) -> N/A | E8: N/A; separately assess whether abstaining was appropriate.
A11: Claim splitting: “Increase pool_size by 25% only if CPU is below 60%” is one conditional action. Removing or broadening its prerequisite changes its meaning and must be treated as an unsupported operational claim.
A14: A numbered step may contain multiple claims. For example, an escalation destination and its severity threshold can require separate checks. Do not count numbered steps as if they were always atomic claims.
